ID,Chemical Name,Fomula,Monoisotopic_mass,cas,emz1,emz2,emz3,emz4,emz5,emz6,emz7,emz8
CP3017,o-Toluidine,C6H4CH3NH2,107.073499,95-53-4,107.073,106.0651,77.0386,105.0699,164.0706,,,
CP3015,"4,4'-Oxydianiline",C12H12N2O,200.09496,101-80-4,200.0964,199.093,108.0526,171.0617,201.1001,,,
CP2514,4-Nitroquinoline-1-oxide,C9H6N2O3,190.0378,56-57-5,190.036,191.031,189.0356,192.0107,,,,
CP3031,Benzo(k)fluoranthene,C20H12,252.0939,207-08-9,252.0937,250.0781,253.0969,126.0463,,,,
CP3007,"4,4'-diaminodiphenylmethane",NH2C6H4CH2C6H4NH2,198.1157,101-77-9,106.0483,199.1689,197.0957,93.0655,198.1152,,,
CP3021,o-Anisidine,NH2C6H4OCH3,123.0684,90-04-0,80.0495,108.0445,109.0523,122.0602,,,,
CP2475,"3,3'-Dimethylbenzidine",C14H16N2,212.1314,119-93-7,212.1302,213.1342,211.1229,199.0011,210.115,,,
CP3001,o-aminoazotoluene,C14H15N3,225.1266,97-56-3,106.0733,106.0727,134.1048,79.0542,226.1718,,,
CP2189_2,NDPA,,,621-64-7,70.0734,71.0856,58.0734,113.0916,,,,
CP2220,Benz(a)anthracene,C18H12,228.0939,56-55-3,228.0936,226.0778,229.0967,224.0622,,,,
CP2533,Methyl methanesulfonate,C2H6O3S,110.0037,66-27-3,78.9402,76.9902,79.9483,110.0026,,,,
CP3016,"4,4'-Thiodianiline",C12H12N2S,216.0721,139-65-1,216.0735,184.088,215.0702,183.0802,80.062,,,
CP2225,Chrysene,C18H12,228.0939,218-01-9,228.0936,226.0778,229.0967,224.0622,114.0914,,,
CP2107,Bupirimate ,C13H24N4O3S,316.1569,41483-43-6,316.1563,273.1017,208.1443,166.0974,,,,
CP1090,Methoxychlor,C16H15Cl3O2,344.0138,72-43-5,227.1066,228.1098,152.0618,212.083,344.0133,,,
CP2486,Molinate,C9H17NOS,187.1031,2212-67-1,187.1039,126.1098,186.1041,188.0623,83.0923,,,
CP3068,Naphthalene,C10H8,128.0626,91-20-3,128.0621,127.0544,102.0465,126.0465,,,,
CP2390,Bromodichloromethane,CHBrCl2,161.8639,75-27-4,162.9719,82.945,84.9421,83.9762,,,,
CP3193,N-methylperfluoro-1-octanesulfonamidoacetic acid (linear),C11H6F17NO4S,570.9746,2355-31-9,570.9708,563.9692,575.8962,319.9548,326.9304,320.8975,,
CP3003,2-amino-4-nitrotoluene,C7H8N2O2,152.0586,99-55-8,152.0582,150.0465,151.0543,122.015,123.0229,153.0445,,
CP3025,Anthracene,(C6H4CH)2,178.0783,120-12-7,178.0774,89.0386,152.0621,163.054,139.0542,,,
CP2507,aldicarb,CH3SC(CH3)2CH=NOCONHCH3,190.0776,116-06-3,86.0726,85.0649,144.0569,100.0838,76.081,,,
CP3164,Fenvalerate_1,C25H22ClNO3,419.1288,51630-58-1,419.1287,125.0152,225.0786,181.0647,,,,
CP2227,Fluoranthene,C16H10,202.0783,206-44-0,202.0776,200.0624,203.0812,201.07,101.0387,,,
CP3113,Atrazine,C8H14ClN5,215.0937,1912-24-9,215.0932,200.0698,217.0903,216.0966,,,,
CP3078,Pyrene,C16H10,202.0783,129-00-0,202.0776,200.0621,203.0809,201.0697,,,,
CP2049,"2,4'-Methoxychlor ", C16H15Cl3O2,344.0138,30667-99-3,344.0143,341.0179,342.0175,343.0142,227.0224,228.0214,152.0237,181.0075
CP2212,2-Nitroaniline,C6H6N2O2,138.0429,88-74-4,108.0444,92.0257,80.0495,139.0543,138.0424,,,
CP2506,3-hydroxycarbofuran,C12H15NO4,237.1001,16655-82-6,238.1102,239.1134,240.1159,237.1023,,,,
CP2516,Acetophenone,C6H5COCH3,120.0575,98-86-2,120.0571,105.0335,77.0386,106.0369,,,,
CP3125,Butylate,C11H23NOS,217.15,2008-41-5,75.023,89.0387,90.0466,156.0004,,,,
CP3158,trans-Cypermethrin,C22H19Cl2NO3,415.0742,52315-07-8,163.0075,165.0047,181.0648,180.0806,127.031,,,
CP3047,Dibutyl phthalate,C6H4(COOC4H9)2,278.1518,84-74-2,149.1325,150.1359,205.1951,104.0621,,,,
CP2043,Ethylan,C18H20Cl2,306.0942,72-56-0,179.118,167.0638,193.0462,223.0813,306.0968,,,
CP3180,Hexanoic acid,C6H12O2,116.0837,142-62-1,116.0832,73.0285,88.0519,115.0754,87.0804,,,
CP2145,Metalaxyl ,C15H21NO4,279.1471,57837-19-1,206.1179,130.0863,192.1383,160.1121,279.1466,,,
CP2252,methyl paraben,C8H8O3,152.0473,99-76-3,152.0468,151.039,153.0699,154.0776,121.0525,93.0336,,
CP3135,Napropamide,C17H21NO2,271.1572,15299-99-7,271.1569,72.0808,128.107,100.0757,115.0573,,,
CP2331,Octyl-dimethyl-PABA,C17H27NO2,277.2042,21245-02-3,277.2037,165.0783,164.0706,148.0757,,,,
CP3174,Resmethrin ,C22H26O3,338.1882,10453-86-8,338.1877,123.1169,171.0804,128.0621,,,,
CP2487,Vernolate,C10H21NOS,203.1344,1929-77-7,128.1152,101.0598,129.091,88.052,86.0362,,,
CP3066,2-Methylphenol,CH3C6H4OH,108.0575,95-48-7,108.057,109.0648,107.0492,77.0386,79.0543,,,
CP2302,tris(tribromoneopentyl),C21H20Br8O2,935.4930,21850-44-2,670.7541,679.8378,678.8669,672.7562,,,,
CP2458,"2,6-Dichlorophenyl-4'-nitrophenyl ether",C12H7Cl2NO3,282.9803,2093-28-9,282.9799,202.0179,284.9771,204.015,162.0231,283.9831,284.9769,
CP3153,Cyfluthrin ,C22H18Cl2FNO3,433.0648,68359-37-5,433.0638,206.06,199.0553,226.0664,163.0076,,,
CP2002,Azinphos ethyl ,C12H16N3O3PS2,345.0371,2642-71-9,345.0373,347.0338,104.0131,160.0558,346.0406,,,
CP2187,Di-n-octyl phthalate,C24H38O4,390.2770,117-84-0,149.1328,150.1361,167.1431,112.084,,,,
CP2237,"2,4-Dimethylphenol",(CH3)2C6H3OH,122.0731,105-67-9,122.0726,107.0492,121.0648,77.0054,105.0448,,,
CP2382,mono-2-ethylhexyl phthalate(MEHP),C16H22O4,278.1518,4376-20-9,149.0961,150.0995,151.0754,167.073,,,,
CP2322,"2,3,4,5-Tetrabromobenzoic acid",C7H2Br4O2,433.6790,27581-13-1,419.3521,368.3438,420.3557,421.359,369.347,,,
CP3148,Menthone ,C10H18O,154.1358,14073-97-3,115.0753,128.062,96.0568,93.0699,154.1352,89.0483,,
CP3022,3-Chloro-o-toluidine,C7H8ClN,141.0345,87-60-5,141.0342,106.0653,104.0258,142.0178,143.0311,,,
CP3157,lambda-Cyhalothrin ,C23H19ClF3NO3,449.1006,91465-08-6,449.1007,181.0647,141.0509,197.034,,,,
CP2490,Ethyl butyrate,C6H12O2,116.0837,105-54-4,88.0519,89.0597,101.0598,73.0284,116.0832,,,
CP2133,Terbuthylazine ,C9H16ClN5,229.1094,5915-41-3,229.109,214.0853,138.0775,216.0824,,,,
CP3182,Tetraethyl ethylenediphosphonate,C10H24O6P2,302.1048,995-32-4,165.07,166.0944,164.0833,173.0963,303.0842,,,
CP3147,Glycerin ,C3H8O3,92.0473,56-81-5,75.0327,73.0285,74.0318,70.0414,76.0308,,,
CP2075,THPI (Tetrahydrophthalimide) ,C8H9NO2,151.0633,85-40-5,151.063,150.0549,123.0679,122.0601,152.0622,80.0496,,
CP2365,Iodofenphos ,C15H16F3N5O4S,419.0875,94125-34-5,167.034,168.0374,415.0674,163.0391,,,,
CP2370,"n,n-diethy-meta-toluamide", C12H17NO,191.1310,134-62-3,191.1304,119.0491,190.1224,120.0525,,,,
CP2345,Bisphenol A,C15H16O2,228.1150,80-05-7,133.0886,117.0573,132.0809,228.1132,,,,
CP3166,Flucythrinate_1,C26H23F2NO4,451.1595,70124-77-5,451.1593,157.0459,181.0647,199.0929,156.0638,,,
CP2327,"trans-3-(2,2-dichlorovinyl)-2,2-dimethylcylo",C8H10Cl2O2,208.0058,59042-50-1,175.0639,174.0465,178.0776,129.0089,208.0037,173.0714,,
CP1016,pentachlorophenol,C6Cl5OH,263.847,87-86-5,263.8471,267.8412,265.8441,164.9059,202.0778,131.9344,,
CP1074,g-BHC,C6H6Cl6,287.8601,58-89-9,182.9338,180.937,218.9108,184.9311,110.9577,108.9608,,
CP2021,g-BHC,C6H6Cl6,287.8601,58-89-9,180.937,182.9338,218.9108,184.9311,,,,
CP2215,Benzidine,C12H12N2,184.1000,92-87-5,184.0995,182.0839,186.0947,91.0417,183.0916,,,
CP2221,Benz[a]pyrene,C20H12,252.0939,50-32-8,252.0942,250.0786,253.0974,248.0629,,,,
CP2242,Pentachlorophenol,C6Cl5OH,263.8470,87-86-5,263.8466,265.8441,267.8412,164.9059,,,,
CP2518,4-Aminobiphenyl,C6H5-C6H4NH2,169.0891,92-67-1,169.0886,168.0808,167.0733,170.0724,84.0206,,,
CP2535,2-Naphthylamine,C10H9N,143.0735,91-59-8,143.073,115.0543,116.0621,144.0763,117.0574,,,
CP2545,Phenacetin,C10H13NO2,179.0946,62-44-2,179.094,178.0863,113.0961,179.0941,,,,
CP2551,o-Toluidine,C6H4CH3NH2,107.0735,95-53-4,107.0730,105.0445,106.0652,108.057,77.0386,,,
CP3002,4-aminobiphenyl,C6H5-C6H4NH2,169.0891,92-67-1,166.0652,170.0728,167.0731,168.081,169.0884,141.1638,,
CP3013,"4,4'-Methylenebis(2-chloroaniline)",C13H12Cl2N2,266.03775,101-14-4,231.0207,233.0362,195.0556,235.0516,,,,
CP3014,2-Naphthylamine,C10H9N,143.073499,91-59-8,143.073,117.0574,118.0652,119.073,,,,
CP3020,2-Aminobiphenyl,C12H11N,169.0892,90-41-5,166.0652,170.0728,167.0731,168.081,169.0884,141.1638,,
CP3028,Benz[a]pyrene,C20H12,252.0939,50-32-8,252.0937,250.0781,253.0969,125.0388,251.0812,,,
CP3094,Benzidine,C12H12N2,184.1,92-87-5,182.0837,184.0994,183.0872,181.0761,92.0621,127.031,,
CP3095,Pentachlorophenol,C6Cl5OH,263.847,87-86-5,263.8466,265.8444,267.8403,269.8378,164.9057,166.9029,,
CP3004,4-chloro-o-toluidine,C7H9Cl2N,141.0345,95-69-2,141.0342,106.0653,104.0258,142.0178,143.0311,,,
CP3005,p-cresidine,CH3OC6H3(CH3)NH2,137.0841,120-71-8,121.0647,77.0385,136.0836,122.0679,94.0731,137.0844,,
CP3006,"2,4-diaminoanisole (as sulfate hydrate)",C7H10N2O,138.0793,615-05-4,123.0443,95.0493,78.0465,80.0576,95.0686,,,
CP3008,"2,4-diaminotoluene",CH3C6H3(NH2)2,122.0844,95-80-7,121.0448,119.0102,123.0604,77.0534,105.0573,122.084,,
CP3009,"3,3'-Dichlorobenzidine",C6H3ClNH2C6H3ClNH2,252.0221,91-94-1,252.0221,255.0764,254.0191,253.0202,,,,
CP3010,"3,3'-Dimethoxybenzidine",C14H16N2O2,244.121178,119-90-4,244.1204,201.1022,93.0655,159.1168,228.0782,,,
CP3011,"3,3'-Dimethylbenzidine",C14H16N2,212.1314,119-93-7,212.1308,196.0992,180.0805,106.0651,115.1256,,,
CP3012,"3,3'-Dimethyl-4,4'-diaminodiphenylmethane",C15H18N2,226.147,838-88-0,226.1479,211.1356,98.1162,105.0291,,,,
CP3015_2,"4,4'-Oxydianiline",C12H12N2O,200.09496,101-80-4,200.0964,199.093,108.0526,171.0617,201.1001,,,
CP3018,"2,4,5-Trimethylaniline",C9H13N,135.1048,137-17-7,120.0808,77.0387,91.0544,134.0965,135.1042,,,
CP3019,p-Aminoazobenzene,C12H11N3,197.0953,60-09-3,197.0959,92.0575,65.0387,77.0386,93.07,,,
CP3023,Acenaphthene,C12H10,154.0783,83-32-9,154.0777,153.0699,152.0621,151.0543,150.0312,,,
CP3024,Acenaphthylene,C12H8,152.0626,208-96-8,152.062,150.0466,153.0654,149.0388,,,,
CP3026,Azobenzene,C12H10N2,182.0844,103-33-3,182.084,77.0386,78.0465,105.0336,83.087,,,
CP3027,Benz(a)anthracene,C18H12,228.0939,56-55-3,228.0935,226.0779,229.0968,113.0385,,,,
CP3029,Benzo(b)fluoranthene,C20H12,252.0939,205-99-2,252.0937,250.0781,253.0969,126.0463,,,,
CP3030,"Benzo(g,h,i)perylene",C22H12,276.0939,191-24-2,124.0884,137.0962,136.0884,276.0966,138.0464,,,
CP3032,Benzyl butyl phthalate,C19H20O4,312.1362,85-68-7,313.2887,104.0496,206.0604,132.1329,315.3,,,
CP3033,bis(2-Chloroethoxy)methane,C5H10Cl2O2,172.0058,111-91-1,92.9902,95.0103,62.9996,65.0197,170.9995,,,
CP3034,bis(2-Chloroethyl)ether,(ClCH2CH2)2O,141.9952,111-44-4,92.9903,94.9873,62.9997,143.991,,,,
CP3035,bis(2-Chloro-1-methylethyl)ether,(ClCH2C(CH3)H)2O,170.0265,108-60-1,170.0278,121.0259,120.0124,122.0214,123.004,77.0197,155.0101,
CP3036,bis(2-Ethylhexyl)phthalate,C6H4(COOC8H17)2,390.277,117-81-7,149.0962,167.0985,112.1202,57.0699,71.0856,,,
CP3037,4-Bromophenyl phenyl ether,C12H9BrO,247.9837,101-55-3,247.9828,248.8405,140.906,250.8379,,,,
CP3038,Carbazole,C12H9N,167.0735,86-74-8,167.0728,166.0651,139.0542,168.0761,164.0494,140.0495,,
CP3039,4-Chloroaniline,ClC6H4NH2,127.0189,106-47-8,127.0183,129.0155,126.0107,128.0218,100.0075,92.0496,,
CP3040,2-Chloronaphthalene,C10H7Cl,162.0236,91-58-7,162.0229,164.02,163.0261,165.0235,161.0154,127.0499,,
CP3041,4-Chloro-3-methylphenol,C6H3OHCH3Cl,142.0185,59-50-7,142.0179,107.049,77.0541,78.0419,79.0541,145.0183,,
CP3042,2-Chlorophenol,C6H4ClOH,128.0029,95-57-8,128.0022,98.9997,129.9998,92.0093,,,,
CP3042_2,2-Chlorophenol,C6H4ClOH,128.0029,95-57-8,128.0022,100.0074,98.9993,101.0105,129.0059,129.9995,,
CP3043,4-Chlorophenyl phenyl ether,C12H9ClO,204.0342,7005-72-3,204.0323,206.0292,165.0693,176.0374,,,,
CP3044,Chrysene,C18H12,228.0939,218-01-9,228.0935,226.0779,229.0968,113.0385,101.0439,202.0779,,
CP3045,"Dibenz(a,h)anthracene",C22H14,278.1096,53-70-3,139.0754,137.0961,138.1042,125.0962,,,,
CP3046,Dibenzofuran,C12H8O,168.0575,132-64-9,168.0567,139.054,169.0649,80.062,79.0543,,,
CP3048,"2,4-Dichlorophenol",C6H4Cl2O,161.9639,120-83-2,161.9634,163.9603,97.9916,125.9868,,,,
CP3049,Diethyl phthalate,C6H4(COOC2H5)2,222.0892,84-66-2,222.0904,149.1284,177.1594,150.1359,176.1514,,,
CP3050,"2,4-Dimethylphenol",(CH3)2C6H3OH,122.0732,105-67-9,122.0727,107.0492,121.0649,108.0936,123.0805,,,
CP3051,"4,6-Dinitro-2-methylphenol",CH3C6H2OH(NO2)2,198.0277,534-52-1,197.0263,196.0364,1950379,198.0299,199.023,,,
CP3052,"2,4-Dinitrophenol",C6H3(OH)(NO2)2,184.012,51-28-5,63.023,53.0024,107.0493,154.0736,79.0501,,,
CP3053,Dimethyl phthalate,C6H4(COOCH3)2 ,194.0579,131-11-3,163.0163,77.0197,92.0619,133.0134,194.0572,195.0604,,
CP3054,"2,4-Dinitrotoluene",C6H3CH3(NO2)2,182.0328,121-14-2,165.0295,167.0554,119.0366,90.0339,148.0267,,,
CP3055,"2,6-Dinitrotoluene", C6H3CH3(NO2)2,182.0328,606-20-2,165.0295,167.0554,119.0366,90.0339,,,,
CP3056,Di-n-octyl phthalate,C24H38O4,390.277,117-84-0,149.0962,167.0985,112.1202,57.0699,71.0856,,,
CP3057,Fluoranthene,C16H10,202.0783,206-44-0,202.0776,200.0621,203.0809,201.0697,,,,
CP3058,Fluorene,C13H10,166.0783,86-73-7,165.0699,166.0775,163.0543,164.062,,,,
CP3058_2,Fluorene,C13H10,166.0783,86-73-7,165.0699,166.0775,163.0543,164.062,,,,
CP3059,Hexachlorobenzene,C6Cl6,281.8131,118-74-1,281.8125,283.8103,285.8073,287.8043,,,,
CP3060,Hexachlorobutadiene, CCl2=CClCCl=CCl2,257.8131,87-68-3,257.8127,224.8407,226.8377,222.8436,187.8747,259.8096,261.8066,142.9033
CP3061,Hexachlorocyclopentadiene,C5Cl6,269.8131,77-47-4,269.8129,236.8407,234.8437,238.8377,,,,
CP3061_2,Hexachlorocyclopentadiene,C5Cl6,269.8131,77-47-4,269.8123,236.8407,234.8437,238.8377,,,,
CP3062,Hexachloroethane,Cl3CCCl3,233.8131,67-72-1,116.9335,118.99314,198.8575,130.9316,233.8122,,,
CP3063,"Indeno(1,2,3-cd)pyrene",C22H12,276.0939,193-39-5,124.0884,137.0962,136.0884,276.0966,138.0464,,,
CP3064,Isophorone,C9H14O,138.1045,78-59-1,138.104,82.0733,95.0856,123.1169,110.109,,,
CP3065,2-Methylnaphthalene,C11H10,142.0783,91-57-6,142.0774,141.0698,143.0856,115.0543,139.0544,,,
CP3067,4-Methylphenol,CH3C6H4OH,108.0575,106-44-5,108.057,109.0648,107.0492,77.0386,79.0543,,,
CP3068_2,Naphthalene,C10H8,128.0626,91-20-3,128.0621,127.0544,102.0465,126.0465,,,,
CP3068_3,Naphthalene,C10H8,128.0626,91-20-3,128.0621,127.0544,102.0465,126.0465,,,,
CP3069,2-Nitroaniline,C6H6N2O2,138.0429,88-74-4,92.0576,65.0386,80.0575,108.0444,121.0648,138.0424,,
CP3070,3-Nitroaniline,C6H6N2O2,138.0429,99-09-2,65.0386,92.0576,80.0575,108.0444,121.0648,138.0426,,
CP3071,4-Nitroaniline,C6H6N2O2,138.0429,100-01-6,138.0424,108.0444,92.0495,139.0458,65.0341,64.0263,,
CP3072,Nitrobenzene,C6H5NO2,123.032,98-95-3,123.0328,121.0285,122.0363,120.0208,77.0387,,,
CP3073,2-Nitrophenol,C6H5NO3 ,139.0269,88-75-5,139.0264,109.0283,137.0962,138.0995,,,,
CP3074,4-Nitrophenol,C6H5NO3,139.0269,100-02-7,139.0265,109.0285,137.0962,138.0995,,,,
CP3075,N-Nitrosodi-n-propylamine,C6H14N2O,130.1106,621-64-7,70.0734,71.0856,58.0734,113.0916,,,,
CP3076,Phenanthrene,C14H10,178.0783,85-01-8,178.0774,89.0386,152.0621,163.054,,,,
CP3077,Phenol,C6H5OH,94.0419,108-95-2,94.0414,95.0445,105.0335,122.0363,77.0386,78.0419,,
CP3079,"1,2,4-Trichlorobenzene",C6H3Cl3,179.93,120-82-1,179.9295,181.9263,183.9234,172.9666,,,,
CP3079_2,"1,2,4-Trichlorobenzene",C6H3Cl3,179.93,120-82-1,179.9295,181.9263,183.9234,172.9666,,,,
CP3080,"2,4,5-Trichlorophenol",C6H2Cl3(OH),195.9249,95-95-4,195.9244,197.9214,96.9839,199.9184,,,,
CP3081,"2,4,6-Trichlorophenol",C6H2Cl3OH,195.9249,88-06-2,195.9244,197.9214,96.9839,199.9184,,,,
CP3082,Benzoic acid,C6H5COOH,122.036779,65-85-0,122.0363,105.0337,106.037,123.0398,77.0341,,,
CP3082_2,Benzoic acid,C6H5COOH,122.036779,65-85-0,122.0363,105.0337,106.037,123.0398,,,,
CP3083,Benzyl salicylate,C14H12O3,228.0786,118-58-1,228.0781,91.0542,92.0576,65.0397,210.0677,,,
CP3084,"1,8-Cineole",C10H18O,154.13576,470-82-6,154.1354,81.07,108.0934,93.07,111.0806,139.1119,,
CP3085,trans Cinnamaldehyde,C9H8O,132.0575,14371-10-9,132.0565,131.0495,103.0546,104.0623,,,,
CP3086,Cinnamyl acetate,C11H12O2,176.0837,103-54-8,176.0833,115.0545,133.0652,116.0622,,,,
CP3087,Cinnamyl alcohol,C9H10O,134.07316,104-54-1,134.0726,105.0702,117.0702,135.0763,,,,
CP3088,Ethyl butyrate ,C6H12O2,116.0837,105-54-4,73.0284,88.0519,115.0754,116.0833,71.0856,,,
CP3089,Geraniol,C10H18O,154.13576,106-24-1,154.1352,69.07,93.0699,68.0622,123.1169,111.0441,,
CP3090,Hydroxycitronellal,C10H20O2,172.1463,107-75-5,96.0936,59.0493,71.0856,69.0336,121.1013,157.1225,139.1122,
CP3091,d-Limonene ,C10H16,136.1252,5989-27-5,136.1248,93.0701,141.1277,154.1355,121.1013,,,
CP3092,Thymol ,C10H14O,150.10446,89-83-8,150.1038,135.0804,136.0837,151.1071,,,,
CP3093,Vanillin,C8H8O3,152.0473,121-33-5,152.0468,151.0391,123.0441,109.0286,,,,
CP3096,"p,p'-DDT",C14H9Cl5,351.9147,50-29-3,235.0075,165.0698,237.0048,199.0311,,,,
CP3096_2,"o,p'-DDT",C14H9Cl5,351.9147,789-02-6,235.0076,165.0697,237.0046,199.0308,,,,
CP3097,DFTPP,C18H5F10P,441.9969,5074-71-5,254.9982,275.0045,437.985,441.9929,197.9652,295.9868,,
CP3098,n-Dodecane,C12H26,170.2035,112-40-3,57.0699,71.0855,85.1011,97.1012,111.1168,170.2026,,
CP3099,n-Tridecane,C13H28,184.2191,629-50-5,57.0656,71.0812,85.1012,97.1012,111.1169,126.1409,,
CP3100,n-Tetradecane,C14H30,198.2348,629-59-4,198.2341,57.0699,71.0855,85.1012,111.1169,97.1012,,
CP3101,n-Pentadecane,C15H32,212.2504,629-62-9,57.0699,85.1012,97.1012,111.1169,,,,
CP3102,n-Hexadecane,C16H34,226.2661,544-76-3,57.0699,71.0855,85.1012,97.1012,111.1169,125.1326,226.2658,
CP3103,n-Heptadecane,C17H36,240.2817,629-78-7,57.0335,71.0492,85.0648,113.0154,240.2796,,,
CP3104,n-Octadecane,C18H38,254.2974,593-45-3,57.0336,71.0493,85.1013,128.0624,99.0805,,,
CP3105,n-Nonadecane,C19H40,268.313,629-92-5,268.312,214.2857,212.1816,272.0948,,,,
CP3106,n-Eicosane,C20H42,282.3287,112-95-8,282.3307,85.1012,97.1013,111.1169,,,,
CP3107,n-Docosane,C22H46,310.36,629-97-0,85.1012,97.1013,111.1169,125.1325,,,,
CP3108,n-Tetracosane,C24H50,338.3913,646-31-1,85.1012,97.1013,111.1169,125.1325,,,,
CP3109,n-Hexacosane,C26H54,366.4226,630-01-3,85.1012,97.1013,111.1169,125.1325,,,,
CP3110,n-Octacosane,C28H58,394.4538,630-02-4,85.1012,97.1013,111.1169,125.1325,,,,
CP3111,n-Triacontane,C30H62,422.4852,638-68-6,85.1012,97.1013,111.1169,125.1325,,,,
CP3112,n-Dotriacontane,C32H66,450.5165,544-85-4,85.1012,97.1013,111.1169,125.1325,,,,
CP3114,Diphenamid,C16H17NO,239.131,957-51-7,72.059,167.1432,165.1639,152.1562,,,,
CP3115,EPTC,CH3CH2SC(O)N(CH2CH2CH3)2,189.1187,759-94-4,128.107,86.0601,100.0757,89.0596,129.0912,,,
CP3116,Ethoprop,C8H19O2PS2,242.0564,13194-48-4,158.0724,139.0541,126.0464,127.0542,,,,
CP3117,Mevinphos ,C7H13O6P,224.045,7786-34-7,127.0309,192.1143,193.1179,164.0236,,,,
CP3118,Prometryne,C10H19N5S,241.1361,7287-19-6,184.0329,199.0931,185.0808,198.1404,226.1669,197.0598,,
CP3119,Propazine,C9H16ClN5,229.1094,139-40-2,229.107,215.0915,230.1105,216.0941,217.0884,,,
CP3120,Terbutryn,C10H19N5S,241.1361,886-50-0,184.0329,199.0931,185.0808,198.1404,226.1669,197.0598,,
CP3121,Triadimefon,C14H16ClN3O2,293.0931,43121-43-3,208.0323,85.0649,110.0682,210.1404,,,,
CP3122,Alachlor,C14H20ClNO2,269.1183,15972-60-8,223.1116,146.0682,188.0832,237.1276,269.1168,,,
CP3123,Atraton,C9H17N5O,211.1433,1610-17-9,196.12,210.1404,58.0369,211.1432,,,,
CP3124,Bromacil,C9H13BrN2O2,260.016,314-40-9,205.0178,207.068,206.0596,204.1872,,,,
CP3126,Chlorpropham,C10H12ClNO2,213.0557,101-21-3,213.055,127.0183,171.0081,129.0153,,,,
CP3127,Hexazinone,C12H20N4O2,252.1586,51235-04-2,171.0805,172.0883,128.0621,98.1089,83.0766,,,
CP3128,Molinate,C9H17NOS,187.1031,2212-67-1,187.1023,126.0916,98.0966,127.0949,,,,
CP3129,Pronamide,C12H11Cl2NO,255.0218,23950-58-5,255.0224,254.0134,256.0105,257.018,,,,
CP3130,Stirophos,C10H9Cl4O4P,363.8993,22248-79-9,328.877,108.9591,329.9617,78.9105,203.9397,,,
CP3131,Tricyclazole,C9H7N3S,189.0361,41814-78-2,162.0465,163.0543,165.0699,160.9967,189.0346,,,
CP3132,Dichlorvos,CCl2=CHOPO(OCH3)2,219.9459,62-73-7,109.0286,79.0179,145.0651,185.0807,108.0571,,,
CP3133,Fenarimol,C17H12Cl2N2O,330.0327,60168-88-9,139.0546,107.0493,75.0231,152.0623,,,,
CP3134,Fluridone,C19H14F3NO,329.1027,59756-60-4,331.1096,317.202,305.0938,316.1991,,,,
CP3136,Tillam,C10H21NOS,203.1344,1114-71-2,203.1429,128.0386,132.0572,161.0596,57.0574,,,
CP3137,Simetryn,C8H15N5S,213.1048,1014-70-6,155.0854,211.0708,210.0674,209.0596,215.0853,,,
CP3138,Tebuthiuron,C9H16N4OS,228.1045,34014-18-1,156.0937,157.1013,171.1169,129.07,,,,
CP3139,Terbacil,C9H13ClN2O2,216.0666,5902-51-2,161.0573,163.0543,162.0464,164.0578,,,,
CP3140,"4-Hydroxy-2,5-dimethyl-3(2H)-furanone",C6H8O3,128.0473,3658-77-3,57.0336,85.0649,87.076,72.0526,128.0469,,,
CP3141,(-)-Menthol,C10H20O,156.1514,2216-51-5,71.0856,81.07,95.0857,123.117,138.1408,156.1525,,
CP3142,Maltol,C6H6O3,126.0317,118-71-8,126.0313,71.0447,97.0284,55.0299,111.0441,,,
CP3143,(+-)-Nicotine,C10H14N2,162.1157,22083-74-5,162.1152,161.1073,133.0759,85.1015,163.1116,,,
CP3144,Ethyl vanillin,C9H10O3,166.063,121-32-4,166.0623,137.0386,168.0569,138.0676,149.0959,,,
CP3145,Ethyl maltol,C7H8O3,140.0473,225-582-5,140.0469,139.0389,138.0424,71.0812,141.0546,,,
CP3149,Acrinathrin ,C26H21F6NO5,541.1324,101007-06-1,541.1328,181.0648,93.07,94.0733,92.0577,,,
CP3150,Anthraquinone ,C6H4(CO)2C6H4,208.0524,84-65-1,208.0515,152.058,180.0568,209.0548,,,,
CP3151,Bifenthrin ,C23H22ClF3O2,422.126,82657-04-3,181.1011,179.0855,182.1045,180.0932,422.1262,,,
CP3152,Bioallethrin ,C19H26O3,302.1882,584-79-2,81.0337,105.0449,79.0179,168.0572,121.0398,,,
CP3153_2,Cyfluthrin ,C22H18Cl2FNO3,433.0648,68359-37-5,433.0638,206.06,199.0553,226.0664,163.0076,,,
CP3153_3,Cyfluthrin ,C22H18Cl2FNO3,433.0648,68359-37-5,433.0638,206.06,199.0553,226.0664,163.0076,,,
CP3153_4,Cyfluthrin ,C22H18Cl2FNO3,433.0648,68359-37-5,433.0638,206.06,199.0553,226.0664,163.0076,,,
CP3159,trans-Cypermethrin,C22H19Cl2NO3,415.0742,52315-07-8,163.0075,165.0047,181.0648,180.0806,127.031,,,
CP3160,trans-Cypermethrin,C22H19Cl2NO3,415.0742,52315-07-8,163.0075,165.0047,181.0648,180.0806,,,,
CP3161,trans-Cypermethrin,C22H19Cl2NO3,415.0742,52315-07-8,163.0075,165.0047,181.0648,180.0806,127.031,,,
CP3161_1,cis-Cypermethrin,C22H19Cl2NO4,416.0742,52315-07-8,163.0075,165.0047,181.0648,180.0806,127.031,209.0836,,
CP3161_2,cis-Cypermethrin,C22H19Cl2NO5,417.0742,52315-07-8,163.0075,165.0047,181.0648,180.0806,127.031,209.0836,,
CP3161_3,cis-Cypermethrin,C22H19Cl2NO6,418.0742,52315-07-8,163.0075,165.0047,181.0648,180.0806,127.031,209.0836,,
CP3161_4,cis-Cypermethrin,C22H19Cl2NO7,419.0742,52315-07-8,163.0075,165.0047,181.0648,180.0806,,209.0836,,
CP3162,Deltamethrin,C22H19Br2NO3,502.9731,52918-63-5,252.9044,173.9861,171.9881,208.8597,502.9719,,,
CP3165,Fenvalerate_2,C25H22ClNO3,419.1288,51630-58-1,419.1285,125.0152,225.0786,181.0647,,,,
CP3167,Flucythrinate_2,C26H23F2NO4,451.1595,70124-77-5,451.1593,157.0459,181.0647,199.0929,156.0638,,,
CP3168,tau-Fluvalinate,C26H22ClF3N2O3,502.1271,102851-06-9,502.1266,250.0609,252.0579,181.0647,,,,
CP3169,tau-Fluvalinate_2,C26H22ClF3N2O3,502.1271,102851-06-9,502.1268,250.0609,252.0578,181.0647,,,,
CP3170,cis-Permethrin ,C21H20Cl2O3,390.0789,61949-76-6,390.0785,183.0804,168.057,127.031,153.0699,,,
CP3171,trans-Permethrin ,C21H20Cl2O3,390.0789,61949-77-7,390.0785,183.0804,168.057,127.031,153.0699,,,
CP3172,"Phenothrin,_cis",C23H26O3,350.1882,26002-80-2,123.1169,129.07,185.1325,81.07,187.1481,350.1878,,
CP3173,"Phenothrin,_trans",C23H26O3,350.1882,26046-85-5,123.1169,129.07,185.1325,81.07,187.1481,350.1878,,
CP3175,Tefluthrin ,C17H14ClF7O2,418.0571,79538-32-2,101.0148,103.0117,102.0179,104.0156,,,,
CP3176,Tetramethrin ,C19H25NO4,331.1784,7696-12-0,164.0705,123.1169,124.1201,79.0541,331.1776,,,
CP3177,Transfluthrin ,C15H12Cl2F4O2,370.015,118712-89-3,370.0123,163.0154,127.0301,129.0271,164.0197,165.0231,,
CP3179,Butyric acid,C4H8O2,88.0524,107-92-6,73.0648,87.0442,85.0285,70.0369,88.0518,,,
CP3181,Valeric acid,C5H10O2,102.0681,109-52-4,102.0676,101.0598,73.0287,87.0441,,,,
CP3183,Ethyl oleate,C20H38O2,310.2872,111-62-6,311.2736,180.1829,97.0648,111.1169,313.2891,314.2968,,
CP3184,N-ethylperfluoro-1-octanesulfonamidoacetic acid (linear),C12H8F17NO4S,584.9903,2991-50-6,584.9893,169.003,219.032,167.0065,,,,
CP3186,Perfluoro-n-hexanoic acid,C6HF11O2,313.98,307-24-4,120.9839,121.9919,267.9825,118.9683,,,,
CP3187,Perfluoro-n-heptanoic acid,C7HF13O2,363.9769,375-85-9,363.9784,130.9728,180.9515,364.8437,,,,
CP3188,Perfluorohexanesulfonic acid,C6HF13O3S,399.9439,355-46-4,130.9451,181.9087,182.8978,131.9343,,,,
CP3189,Perfluoro-n-octanoic acid,C8HF15O2,413.9737,335-67-1,180.9001,130.9315,181.9035,178.9031,,,,
CP3190,Perfluorooctanesulfonic acid,C8HF17O3S,499.9375,1763-23-1,499.94,497.8907,119.907,168.8681,,,,
CP3191,Perfluoro-n-nonanoic acid,C9HF17O2,463.9705,375-95-1,181.1222,130.0777,182.1299,180.1829,,,,
CP3194,Perfluoro-n-dodecanoic acid,C12HF23O2,613.9609,307-55-1,181.0162,129.9994,182.0292,131.0027,613.9564,,,
CP3195,Perfluoro-n-tridecanoic acid,C13HF25O2,663.9577,72629-94-8,181.008,131.9995,130.9523,182.011,663.9563,,,
CP3196,Perfluoro-n-tetradecanoic acid,C14HF27O2,713.9545,376-06-7,647.4247,648.4282,662.4485,132.8348,,,,
CP3197,9-Chlorohexadecafluoro-3-oxanone-1-sulfonic acid,C8HClF16O4S,531.9029,756426-58-1,531.9023,533.9367,173.9149,243.9783,,,,
CP3198,Glyphosate,C3H8NO5P,169.014,1071-83-6,101.0148,103.0117,102.0179,104.0156,,,,
CP3199,"Cholic acid sodium (5b-cholanic acid-3a,7a,12a-triol, CA),",C24H39NaO5,430.2695,361-09-1,141.07,142.0777,144.0935,143.0856,,,,
CP3200,a-Muricholic acid,C24H40O5,408.2876,2393-58-0,408.3889,409.1638,410.2232,407.3158,,,,
CP3201,deoxycholate sodium,C24H39NaO4,414.2746,302-95-4,411.2746,413.2905,415.3895,412.2763,,,,
CP3203,Hyodesoxycholic acid,C24H40O4,392.2926,83-49-8,95.2664,287.2371,387.3579,297.2577,,,,
CP3204,ursodeoxycholate,C24H40O4,392.2926,128-13-2,109.1013,93.07,301.289,255.2107,,,,
CP3205,"lithocholic acid (5b-cholanic acid-3a-ol, LCA),",C24H40O3,376.2977,434-13-9,376.2975,117.3726,145.073,375.6815,,,,
CP3207,glycocholic acid hydrate,C26H45NO7,483.3196,1192657-83-2,483.3155,524.3876,353.3083,374.1011,,,,
CP3208,glycocholic acid,C26H43NO6,465.309,475-31-0,252.8351,249.9812,270.5743,247.9833,,,,
CP3209,Glycolithocholic acid,C26H43NO4,433.3192,474-74-8,432.3866,430.3802,431.3837,428.3655,,,,
CP3214,Estrone sulfate,C18H22O5S,350.11879,481-97-0,253.0527,251.0469,252.0503,267.0424,,,,
CP3217,estriol 3-sulfate sodium salt,C18H23NaO6S,390.1113,5150-64-1,129.0699,311.2734,213.1638,312.2769,270.2298,297.2577,,
CP3222,Progesterone,C21H30O2,314.2246,57-83-0,124.1203,229.1953,125.1326,314.2231,271.2424,,,
CP3225,prostaglandin e2,C20H32O5,352.225,363-24-6,225.0547,352.2253,133.1164,131.0734,79.1466,,,
CP3226,"cholestenoic acid III (3b,7a-dihydroxy-5-cholestenoic acid)",C27H44O4,432.324,115538-84-6,461.3747,426.5019,443.1627,432.3272,,,,
CP3227,L-Carnitine,C7H15NO3,161.1052,541-15-1,161.1049,160.0968,88.0758,130.0865,159.117,113.0792,,
CP3228,D-Carnitine,C7H15NO3,161.1052,541-14-0,161.1049,160.0968,88.0758,130.0865,159.117,113.0792,,
CP3229,"bis(1,3-Dichloro-2-propyl) phosphate (BDCPP)",C6H11Cl4O4P,317.9149,72236-72-7,232.9531,234.9502,98.9996,233.9565,,,,
CP3230,"Tris(1,3-dichloro-2-propyl)phosphate(TDCPP)",C9H15Cl6O4P,429.88096,13674-87-8,98.9842,190.9426,192.9397,208.9532,,,,
CP3231,dihydrotestosterone (DHT),C19H30O2,290.2246,521-18-6,290.2241,291.2275,95.0856,231.1744,,,,
CP3232,Dehydroepiandrosterone (DHEA),C19H28O2,288.2089,53-43-0,288.2085,255.1745,270.1978,203.143,,,,
CP3233,testosterone,C19H28O2,288.2089,58-22-0,288.2086,124.0884,246.1979,147.1169,,,,
CP3234,Estriol,C18H24O3,288.1725,50-27-1,288.1722,160.1246,213.1269,172.1122,133.1013,,,
CP3235,adrenosterone,C19H24O3,300.1725,382-45-6,300.172,301.1754,160.1246,105.0699,213.1273,,,
CP3236,estrone,C18H22O2,270.1620,53-16-7,270.1615,185.0961,146.0726,172.0883,213.1274,160.0883,,
CP3237,beta-estradiol,C18H24O2,272.1776,50-28-2,272.1772,160.0883,213.1273,172.0882,,,,
CP3238,Cortisol,C21H30O5,362.2093,50-23-7,272.1773,285.1486,91.0543,123.0804,,,,
CP3239,5-pregnen-3b-01-20-one,C21H32O3,332.2351,1164-98-3,103.0542,129.0699,175.1117,158.0727,,,,
CP3240,Pregnenolone,C21H32O2,316.2402,145-13-1,316.2395,256.1823,317.243,301.2161,,,,
CP3241,7-dehydrocholesterol,C27H44O,384.3392,434-16-2,384.338,351.3053,325.2888,273.2578,,,,
CP3242,25-hydroxycholesterol,C27H46O2,402.3498,2140-46-7,384.3389,55.0543,59.0312,81.021,,,,
CP3243,Cholesterol,C27H46O,386.3549,57-88-5,386.3545,105.0699,95.0856,81.0699,1451012,,,
CP1001,PCB-66,C12H6Cl4,289.9224,32598-10-0 ,289.9219,291.919,219.9841,293.9159,221.9812,,,
CP1002,PCB-146,C12H4Cl6,357.8444,51908-16-8 ,357.844,359.8409,361.8379,289.9033,287.9062,144.9514,217.9683,
CP1003,PCB-157,C12H4Cl6,357.8444,69782-90-7 ,357.844,359.8409,361.8379,289.9033,287.9062,144.9514,217.9683,
CP1004,PCB-167,C12H4Cl6,357.8444,52663-72-6 ,357.844,359.8409,361.8379,289.9033,287.9062,144.9514,217.9683,
CP1005,PCB-172,C12H3Cl7,391.8055,52663-74-8 ,391.8051,393.802,395.7989,323.8642,325.8612,161.9319,125.9647,358.8331
CP1006,PCB-189,C12H3Cl7,391.8055,39635-31-9 ,391.8051,393.8017,395.7986,397.7958,323.8642,161.9319,125.9647,358.8331
CP1007,PCB-196,C12H2Cl8,425.7665,42740-50-1 ,425.7663,429.7599,427.7629,357.8252,359.8221,178.9124,287.8879,
CP1008,PCB-203,C12H2Cl8,425.7665,52663-76-0 ,425.7663,429.7599,427.7628,357.8252,431.7568,178.9124,287.8879,
CP1009,Hexachlorobenzene ,C6Cl6,281.8131,118-74-1,281.8129,283.8099,285.807,287.8041,141.9046,248.8409,131.9343,
CP1010,OCTACHLOROSTYRENE,C8Cl8,375.7508,29082-74-4,307.8099,342.7789,344.776,309.807,375.7503,,,
CP1011,Pentachloronitrobenzene,C6Cl5NO2,292.8372,82-68-8,236.8408,234.8438,238.8379,199.045,213.8717,141.9373,,
CP1012,oxychlordane,C10H4Cl8O,419.777,27304-13-8,144.8497,184.6909,186.8836,262.4715,148.7691,,,
CP1013,"2,3,4,6-Tetrachlorophenol",C6H2Cl4O,229.88597,58-90-2,229.8855,231.8824,233.8796,235.8767,130.9451,165.9138,95.9761,
CP1014,"2,3,4,6-tetrabromophenol",C6H2Br4O,405.6839,14400-94-3,405.6848,409.6806,407.6828,411.6786,,,,
CP1015,pentabromophenol,C6Br5OH,483.5944,608-71-9,488.961,59.8154,139.4882,109.6302,221.7184,,,
CP1017,PCB-17,C12H7Cl3,255.9613,37680-66-3 ,255.9609,257.9579,220.992,186.0231,256.9642,109.9918,,
CP1018,PCB-18,C12H7Cl3,255.9613,37680-65-2 ,255.9609,257.9579,220.992,186.023,256.9642,109.9918,,
CP1019,PCB-28,C12H7Cl3,255.9613,7012-37-5 ,255.9608,257.9578,186.023,259.9549,256.9642,109.9918,,
CP1020,PCB-31,C12H7Cl3,255.9613,16606-02-3 ,255.9609,257.9579,186.0231,259.955,256.9642,109.9918,,
CP1021,PCB-33,C12H7Cl3,255.9613,38444-86-9 ,255.9608,257.9579,186.023,259.955,256.9642,109.9918,,
CP1022,PCB-44,C12H6Cl4,289.9224,41464-39-5 ,289.9219,291.919,219.9841,293.9159,221.9812,,,
CP1023,PCB-49,C12H6Cl4,289.9224,41464-40-8 ,289.9219,291.919,219.9841,293.9159,221.9812,,,
CP1024,PCB-52,C12H6Cl4,289.9224,35693-99-3 ,289.9219,291.919,219.9841,293.9159,221.9812,,,
CP1025,PCB-70,C12H6Cl4,289.9224,32598-11-1 ,289.9219,291.919,219.9841,293.9159,221.9812,,,
CP1026,PCB-74,C12H6Cl4,289.9224,32690-93-0 ,289.9219,291.919,219.9841,293.9159,221.9812,,,
CP1027,PCB-82,C12H5Cl5,323.8834,52663-62-4 ,323.8829,325.8799,327.8769,329.874,330.8772,126.9724,184.0076,109.0071
CP1028,PCB-87,C12H5Cl5,323.8834,38380-02-8 ,323.8829,325.8799,327.8769,329.874,330.8772,126.9724,184.0076,109.0071
CP1029,PCB-95,C12H5Cl5,323.8834,38379-99-6 ,323.8829,325.8799,327.8769,329.874,330.8772,126.9724,184.0076,109.0071
CP1030,PCB-99,C12H5Cl5,323.8834,38380-01-7 ,323.8829,325.8799,327.8769,329.874,330.8772,126.9724,184.0076,109.0071
CP1031,PCB-101,C12H5Cl5,323.8834,37680-73-2 ,323.8829,325.8799,327.8769,329.874,330.8772,126.9724,184.0076,109.0071
CP1032,PCB-105,C12H5Cl5,323.8834,32598-14-4 ,323.8829,325.8799,327.8769,329.874,330.8772,126.9724,184.0076,109.0071
CP1033,PCB-110,C12H5Cl5,323.8834,38380-03-9 ,323.8829,325.8799,327.8769,329.874,330.8772,126.9724,184.0076,109.0071
CP1034,PCB-118,C12H5Cl5,323.8834,31508-00-6 ,323.8829,325.8799,327.8769,329.874,330.8772,126.9724,184.0076,109.0071
CP1035,PCB-128,C12H4Cl6,357.8444,38380-07-3 ,357.844,359.8409,361.8379,289.9033,287.9062,144.9514,217.9683,
CP1036,PCB-132,C12H4Cl6,357.8444,38380-05-1 ,357.844,359.8409,361.8379,289.9033,287.9062,144.9514,217.9683,
CP1037,PCB-138,C12H4Cl6,357.8444,35065-28-2 ,357.844,359.8409,361.8379,289.9033,287.9062,144.9514,217.9683,
CP1038,PCB-149,C12H4Cl6,357.8444,38380-04-0 ,357.844,359.8409,361.8379,289.9033,287.9062,144.9514,217.9683,
CP1039,PCB-151,C12H4Cl6,357.8444,52663-63-5 ,357.844,359.8409,361.8379,289.9033,287.9062,144.9514,217.9683,
CP1040,PCB-153,C12H4Cl6,357.8444,35065-27-1 ,357.844,359.8409,361.8379,289.9033,287.9062,144.9514,217.9683,
CP1041,PCB-156,C12H4Cl6,357.8444,38380-08-4 ,357.844,359.8409,361.8379,289.9033,287.9062,144.9514,217.9683,
CP1042,PCB-158,C12H4Cl6,357.8444,74472-42-7,357.844,359.8409,361.8379,289.9033,287.9062,144.9514,217.9683,
CP1043,PCB-169,C12H3Cl7,391.8055,32774-16-6,391.8051,393.802,395.7989,323.8642,397.796,161.9319,125.9647,358.8331
CP1044,PCB-170,C12H3Cl7,391.8055,35065-30-6 ,391.8051,393.802,395.7989,323.8642,397.796,161.9319,125.9647,358.8331
CP1045,PCB-171,C12H3Cl7,391.8055,52663-71-5 ,391.8051,393.802,395.7989,323.8642,325.8613,161.9319,125.9647,358.8331
CP1046,PCB-177,C12H3Cl7,391.8055,52663-70-4 ,391.8051,393.8019,395.799,323.8644,358.8331,161.9319,125.9647,358.8331
CP1047,PCB-180,C12H3Cl7,391.8055,35065-29-3 ,391.8051,393.8021,395.7991,323.8642,397.7961,161.9319,125.9647,358.8331
CP1048,PCB-183,C12H3Cl7,391.8055,52663-69-1 ,391.8051,393.802,395.7989,323.8642,397.7959,161.9319,125.9647,358.8331
CP1049,PCB-187,C12H3Cl7,391.8055,52663-68-0 ,391.8051,393.8018,395.7988,323.8642,325.8613,161.9319,125.9647,358.8331
CP1050,PCB-191,C12H3Cl7,391.8055,74472-50-7 ,391.8051,393.8017,395.7987,323.8643,397.7959,161.9319,125.9647,358.8331
CP1051,PCB-194,C12H2Cl8,425.7665,35694-08-7 ,425.7663,429.7598,427.7628,357.8251,359.822,178.9124,287.8879,
CP1052,PCB-195,C12H2Cl8,425.7665,52663-78-2 ,425.7663,429.7601,427.7631,357.8252,359.8221,178.9124,287.8879,
CP1053,PCB-199,C12H2Cl8,425.7665,52663-75-9 ,425.7663,429.7599,427.7629,357.8252,359.8221,178.9124,287.8879,
CP1054,PCB-205,C12H2Cl8,425.7665,74472-53-0 ,425.7663,429.7599,427.7629,431.7569,357.8252,178.9124,287.8879,
CP1055,PCB-206,C12HCl9,459.7275,40186-72-9 ,459.7271,463.7207,461.724,465.7178,391.7864,,,
CP1056,PCB-208,C12HCl9,459.7275,52663-77-1 ,459.7271,463.7207,461.7241,465.7178,391.7863,,,
CP1057,PCB-209,C12Cl10,493.6885,2051-24-3 ,497.6822,499.679,495.6852,499.6802,213.8722,178.9029,177.9045,
CP1058,BDE-17,C12H7Br3O,403.8047,147217-75-2,403.8047,245.9675,247.9655,405.8021,,,,
CP1059,"BDE-28, BDE-33",C12H7Br3O,403.8047,41318-75-6,403.8047,245.9677,247.9656,405.8023,,,,
CP1060,BDE-47,C12H6Br4O,481.7152,5436-43-1,481.7146,325.876,323.878,327.8737,485.7104,,,
CP1061,BDE-66,C12H6Br4O,481.7152,189084-61-5,481.7146,325.876,485.7105,483.7125,323.8781,,,
CP1062,BDE-71,C12H6Br4O,481.7152,189084-62-6,481.7146,325.876,485.7105,323.8781,327.8738,,,
CP1063,BDE-99,C12H5Br5O,559.626,60348-60-9,559.6263,403.7863,405.7841,563.622,565.62,,,
CP1064,BDE-100,C12H5Br5O,559.626,189084-64-8,559.6263,403.7865,419.8223,563.622,559.626,,,
CP1065,BDE-138,C12H4Br6O,637.536,182677-30-1,637.5374,483.6946,481.6968,485.6926,643.5317,,,
CP1066,BDE-153,C12H4Br6O,637.536,68631-49-2,637.5374,483.6948,481.6968,485.6925,643.5322,,,
CP1067,BDE-154,C12H4Br6O,637.536,207122-15-4,637.5374,483.695,481.6969,485.6927,643.5323,,,
CP1068,BDE-183,C12H3Br7O,715.447,207122-16-5,561.6064,563.6043,559.6085,565.6023,,,,
CP1069,BDE-209,C12Br10O,949.1783,1163-19-5,822.1349,799.3236,800.1487,819.2586,,,,
CP1070,Tetrabromobisphenol A,C15H12Br4O2,539.7571,79-94-7,538.807,529.7488,526.6602,75.709,144.385,,,
CP1071,Aldrin,C12H8Cl6,361.8757,309-00-2,65.9136,292.976,91.0456,101.3699,263.1032,79.0498,,
CP1072,a-BHC,C6H6Cl6,287.8601,319-84-6,182.9338,180.937,218.9108,184.9311,110.9577,108.9608,,
CP1073,b-BHC,C6H6Cl6,287.8601,319-85-7,182.9338,180.937,218.9108,184.9311,110.9577,108.9608,,
CP1075,d-BHC,C6H6Cl6,287.8601,319-86-8,182.9338,180.937,218.9108,184.9311,110.9577,108.9608,,
CP1076,a-Chlordane,C10H6Cl8,405.7978,5103-71-9,405.8046,407.8003,403.8047,406.8058,370.7071,236.9552,301.5835,
CP1077,g-Chlordane,C10H6Cl8,405.7978,5103-74-2,405.8046,407.8003,403.8047,406.8058,370.7071,236.9552,301.5835,
CP1078,"4,4'-DDD",C14H10Cl4,317.9537,72-54-8,235.0079,237.0049,165.0697,199.0309,,,,
CP1079,"4,4'-DDE",C14H8Cl4,315.938,72-55-9,246.0008,247.9979,317.9357,315.9386,175.039,105.0114,,
CP1080,"4,4'-DDT",C14H9Cl5,351.9147,50-29-3,235.0076,237.0046,165.0696,236.0108,199.0309,212.0388,,
CP1081,Dieldrin, C12H8Cl6O,377.8706,60-57-1,78.9476,80.9804,262.964,107.9038,,,,
CP1082,Endosulfan I,C9H6Cl6O3S,403.8169,959-98-8,240.9141,236.8409,238.8379,194.9157,198.9284,,,
CP1082_2,Endosulfan I,C9H6Cl6O3S,403.8169,959-98-8,240.9141,236.8409,238.8379,194.9157,198.9284,,,
CP1084,Endosulfan sulfate,C9H6Cl6O4S,419.8118,1031-07-8,386.3545,273.2215,272.2138,236.5161,206.126,,,
CP1085,Endrin,C12H8Cl6O,377.8706,72-20-8,377.87,81.0336,280.9083,270.948,278.9111,,,
CP1086,Endrin aldehyde,C12H8Cl6O,377.8706,7421-93-4,344.8982,249.8489,342.9009,316.9032,,,,
CP1087,Endrin ketone, C12H8Cl6O,377.8706,53494-70-5,317.9066,314.9063,315.9095,249.8486,,,,
CP1088,Heptachlor,C10H5Cl7,369.8211,76-44-8,99.9105,64.9184,271.9181,135.0106,369.8179,,,
CP1089,Heptachlor epoxide (Isomer B),C10H5Cl7O,385.816,1024-57-3,385.8143,352.8441,354.8409,350.8469,249.8487,,,
CP1091,cis-Nonachlor,C10H5Cl9,439.7588,5103-73-1,439.7583,408.7842,406.7873,410.7812,404.7901,236.8409,108.9606,
CP1092,trans-Nonachlor,C10H5Cl9,439.7588,39765-80-5,439.7583,408.7842,406.7873,410.7812,404.7901,236.8409,108.9606,
CP1093,BDE-85,C12H5Br5O,559.626,182346-21-0,559.6263,403.7863,405.7841,563.622,565.62,,,
CP1094,BDE-206,C12HBr9O,871.26778,63387-28-0,722.4052,718.0084,727.6006,723.5176,,,,
CP1095,Mirex ,C10Cl12,539.6262,2385-85-5,272.7382,273.8,274.9293,269.8127,,,,
CP1096,"2,4'-DDD",C14H9Cl5,317.9537,53-19-0,235.0079,237.0049,165.0697,199.0309,,,,
CP1097,"2,4'-DDE",C14H8Cl4,315.938,3424-82-6,246.0008,247.9979,317.9357,315.9386,175.039,105.0114,,
CP1098,"2,4'-DDT",C14H9Cl5,351.9147,789-02-6,235.0076,237.0046,165.0696,236.0108,199.0309,212.0388,,
CP1099,TCDD,C12H4Cl4O2,319.8965,1746-01-6,319.896,320.8994,324.8934,256.9323,258.9293,,,
CP1100,TCDF,C12H4Cl4O,303.9016,51207-31-9,303.9011,305.8982,307.8951,309.8923,306.9014,170.9997,240.9848,
CP1101,"1,2,3,7,8-PeCDD",C12H3Cl5O2,353.8576,40321-76-4,292.9957,291.5741,350.713,356.7973,353.8571,355.8541,,
CP1102,"1,2,3,7,8-PeCDF",C12H3Cl5O,337.8627,57117-41-6,337.8622,339.8591,341.8566,343.8531,204.9606,276.8956,,
CP1103,"2,3,4,7,8-PENTACHLORODIBENZOFURAN",C12H3Cl5O,337.8627,57117-31-4,337.8622,339.8591,341.8566,343.8531,204.9606,276.8956,,
CP1104,"1,2,3,4,7,8-HxCDD",C12H2Cl6O2,387.8186,39227-28-6,387.819,389.8162,391.8131,390.8186,393.8097,263.8877,326.8517,
CP1105,"1,2,3,6,7,8-HXCDD",C12H2Cl6O2,387.8186,57653-85-7,387.819,389.8162,391.8131,390.8186,393.8097,263.8877,326.8517,
CP1106,"1,2,3,7,8,9-HxCDD",C12H2Cl6O2,387.8186,19408-74-3,387.819,389.8162,391.8131,390.8186,393.8097,263.8877,326.8517,
CP1107,"1,2,3,4,7,8-Hexachlorodibenzofuran",C12H2Cl6O,371.8237,55684-94-1,371.8241,373.8213,375.8182,377.8151,376.8205,186.9098,238.9214,310.8568
CP1108,"1,2,3,6,7,8-HxCDF",C12H2Cl6O,371.8237,57117-44-9,371.8241,373.8213,375.8182,377.8151,376.8205,186.9098,238.9214,310.8568
CP1109,"1,2,3,7,8,9-HxCDF",C12H2Cl6O,371.8237,72918-21-9,371.8241,373.8213,375.8182,377.8151,376.8205,186.9098,238.9214,310.8568
CP1110,"2,3,4,6,7,8-HxCDF",C12H2Cl6O,371.8237,60851-34-5,371.8241,373.8213,375.8182,377.8151,376.8205,186.9098,238.9214,310.8568
CP1111,"1,2,3,4,6,7,8-HpCDD",C12HCl7O2,421.7796,35822-46-9,421.7794,423.7766,425.774,348.8471,127.5495,,,
CP1112,"1,2,3,4,6,7,8-HpCDF",C12HCl7O,405.7847,38998-75-3,405.7845,403.7865,407.7822,401.7887,,,,
CP1113,"1,2,3,4,7,8,9-HpCDF",C12HCl7O,405.7847,55673-89-7,405.7845,403.7865,407.7822,401.7887,,,,
CP1114,"1,2,3,4,6,8,9-HpCDF",C12HCl7O,405.7847,69698-58-4,405.7845,403.7865,407.7822,401.7887,,,,
CP1115,OCDD,C12Cl8O2,455.7407,3268-87-9,461.7247,395.7801,230.8615,394.642,142.2844,,,
CP1116,OCDF,C12Cl8O,439.7457,39001-02-0,439.7451,443.7393,441.7421,445.7363,447.7333,,,
CP1117,PBB-153,C12H4Br6,621.5413,59080-40-9,621.5427,467.6996,627.5368,546.6187,548.6167,,,
CP1118,parlar26,C10H10Cl8,409.8291,142534-71-2,158.9764,340.88,328.8801,304.9034,,,,
CP1119,parlar50, C10H14NO5PS,443.7901,66860-80-8,158.9763,278.8877,338.8644,374.841,395.7988,,,
CP1120,parlar62,C10H9Cl9,443.7901,154159-06-5,158.9763,278.8877,338.8644,374.841,395.7988,,,
CP1121,PFHxA,C5F11COOH,313.9801,307-24-4,130.904,280.1628,279.1595,313.9818,,,,
CP1122,PFNA,C8F17COOH,463.9705,375-95-1,130.9451,180.9606,68.944,118.945,168.9185,,,
CP2003,Azinphos methyl , C10H12N3O3PS2,317.0058,86-50-0,317.0059,319.0029,318.0094,161.0596,,,,
CP2004,Chlorpyrifos ,C9H11Cl3NO3PS,348.9263,2921-88-2,257.8943,196.9197,198.9167,259.8912,348.9257,,,
CP2005,Chlorpyrifos methyl ,C7H7Cl3NO3PS,320.8950,5598-13-0,316.9034,318.9005,314.9062,320.8968,,,,
CP2006,Diazinon ,C12H21N2O3PS,304.1010,333-41-5,304.1008,179.1175,137.0706,199.0627,,,,
CP2007,EPN ,C14H14NO4PS,323.0381,2104-64-5,156.9871,141.0099,159.0204,323.0371,,,,
CP2008,Fenitrothion ,C9H12NO5PS,277.0174,122-14-5,277.0169,260.0142,261.0176,278.0201,,,,
CP2009,Isazophos ,C9H17ClN3O3PS,313.0417,42509-80-8,118.9879,119.9957,120.9849,313.041,,,,
CP2010,Phosalone ,C12H15ClNO4PS2,366.9868,2310-17-0,366.9864,182.0001,183.9972,121.0411,,,,
CP2011,Phosmet , C11H12NO4PS2,316.9945,732-11-6,160.0393,316.9937,161.0427,318.9376,,,,
CP2012,Pirimiphos ethyl ,C13H24N3O3PS,333.1276,23505-41-1,333.127,168.0589,318.1041,180.1131,,,,
CP2013,Pirimiphos methyl ,C11H20N3O3PS,305.0963,29232-93-7,305.0957,290.0734,276.0576,180.1133,,,,
CP2014,Pyraclofos ,C14H18ClN2O3PS,360.0464,89784-60-1,360.0466,194.0242,138.0104,362.0432,,,,
CP2015,Pyrazophos ,C14H20N3O5PS,373.0861,13457-18-6,373.0857,221.0797,232.1084,237.057,,,,
CP2016,Pyridaphenthion ,C14H17N2O4PS,340.0647,119-12-0,340.0642,199.0865,96.9506,188.0578,204.0351,,,
CP2017,Quinalphos ,C12H15N2O3PS,298.0541,13593-03-8,298.0533,156.068,118.0524,157.0757,,,,
CP2018,Aldrin ,C12H8Cl6,361.8757,309-00-2,361.8751,262.8565,264.8535,260.8595,,,,
CP2019,a-BHC,C6H6Cl6,287.8601,319-84-6,180.937,182.9338,218.9108,184.9311,,,,
CP2020,b-BHC,C6H6Cl6,287.8601,319-85-7,180.937,182.9338,218.9108,184.9311,,,,
CP2022,d-BHC,C6H6Cl6,287.8601,319-86-8,180.937,182.9338,218.9108,184.9311,,,,
CP2023,Chlorbenside ,C13H10Cl2S,267.9880,103-17-3,124.9822,123.9949,126.9948,125.992,267.9874,,,
CP2024,cis-Chlordane ,C10H6Cl8,405.7978,5103-71-9,408.7843,406.4873,410.7812,412.7778,372.8078,405.7942,,
CP2025,trans-Chlordane ,C10H6Cl8,405.7978,5103-74-2,408.7843,406.4873,410.7812,412.7778,372.8078,405.7942,,
CP2026,Chlorfenson (Ovex) ,C12H8Cl2O3S,301.9571,80-33-1,301.9567,110.9997,174.9713,176.9595,304.9024,,,
CP2027,Chloroneb ,C8H8Cl2O2,205.9901,2675-77-6,205.991,191.001,192.9978,209.0116,210.011,,,
CP2028,"2,4'-DDD ",C14H9Cl5,317.9537,53-19-0,235.0079,237.0049,236.011,199.0309,,,,
CP2029,"4,4'-DDD ",C14H10Cl4,317.9537,72-54-8,235.0079,237.0049,236.011,199.0309,,,,
CP2030,"2,4'-DDE ",C14H8Cl4,315.9380,3424-82-6,246.0008,247.9979,317.9357,315.9386,,,,
CP2031,"4,4'-DDE ",C14H8Cl4,315.9380,72-55-9,246.0008,247.9979,317.9357,315.9386,,,,
CP2032,"2,4'-DDT ",C14H9Cl5,351.9147,789-02-6,235.0076,237.0046,165.0696,236.0108,,,,
CP2033,"4,4'-DDT ",C14H9Cl5,351.9147,50-29-3,235.0076,237.0046,165.0696,236.0108,,,,
CP2034,"4,4'-Dichlorobenzophenone ",C13H8Cl2O,249.9952,90-98-2,138.9947,110.9997,141.0028,75.0042,249.9948,,,
CP2035,Dieldrin , C12H8Cl6O,377.8706,60-57-1,78.8403,81.9872,263.1949,80.9559,,,,
CP2036,Endosulfan I ,C9H6Cl6O3S,403.8169,959-98-8,330.8775,239.8741,238.8661,240.8637,,,,
CP2037,Endosulfan II ,C9H6Cl6O3S,403.8169,33213-65-9,239.8741,238.8661,330.8775,240.8637,,,,
CP2038,Endosulfan ether , C9H6Cl6O,339.8550,3369-52-6,236.8409,339.8547,240.8956,238.8985,,,,
CP2039,Endosulfan sulfate ,C9H6Cl6O4S,419.8118,1031-07-8,384.8899,382.8929,380.8959,271.9263,,,,
CP2040,Endrin ,C12H8Cl6O,377.8706,72-20-8,80.9559,280.9849,263.1963,78.9402,81.9873,,,
CP2041,Endrin aldehyde ,C12H8Cl6O,377.8706,7421-93-4,344.9236,173.0025,249.9921,247.0478,,,,
CP2042,Endrin ketone , C12H8Cl6O,377.8706,53494-70-5,377.8691,376.8658,260.8544,78.9944,262.8517,378.8628,,
CP2044,Fenson ,C12H9ClO3S,267.9961,80-38-6,267.9984,268.9959,269.9775,270.9753,,,,
CP2045,Heptachlor ,C10H5Cl7,369.8211,76-44-8,269.8724,98.9466,271.8698,270.8758,369.8175,,,
CP2046,Heptachlor epoxide (isomer B) ,C10H5Cl7O,385.8160,1024-57-3,80.9737,352.8377,236.5509,108.984,151.0866,,,
CP2047,Hexachlorobenzene ,C6Cl6,281.8131,118-74-1,281.8125,283.8099,285.807,287.8041,,,,
CP2048,Isodrin ,C10H15NO,361.8760,465-73-6,376.8981,374.9005,378.895,361.8747,,,,
CP2050,"4,4'-Methoxychlor olefin ",C16H14Cl2O2,308.0371,2132-70-9,308.0365,238.0991,310.0339,311.0371,,,,
CP2051,Mirex ,C10Cl12,539.6262,2385-85-5,271.81,269.8129,273.807,275.804,,,,
CP2052,cis-Nonachlor ,C10H5Cl9,439.7588,5103-73-1,439.7579,408.7842,406.7873,410.7812,,,,
CP2053,trans-Nonachlor ,C10H5Cl9,439.7588,39765-80-5,439.758,408.7842,406.7873,410.7812,,,,
CP2054,Pentachloroanisole ,C7H3Cl5O,277.8626,1825-21-4,279.8591,281.8559,283.853,277.8621,,,,
CP2055,Pentachlorothioanisole ,C7H3Cl5S,293.8398,1825-19-0,293.8397,295.8367,297.8337,246.8438,238.8378,,,
CP2056,Tetradifon ,C12H6Cl4O2S,353.8842,116-29-0,158.9665,110.9997,228.8858,226.8888,353.8838,,,
CP2057,Chlorothalonil,C8Cl4N2,263.8816,1897-45-6,263.8812,265.878,266.8816,264.8847,,,,
CP2058,Dichlofluanid ,C9H11Cl2FN2O2S2,331.9623,1085-98-9,123.0139,167.0638,223.9498,225.9468,331.9617,,,
CP2059,Dichloran ,C6H4Cl2N2O2,205.9650,99-30-9,205.9644,175.9664,177.9634,207.9614,,,,
CP2060,"3,4-Dichloroaniline ",C6H5Cl2N,160.9799,95-76-1,160.9795,162.9765,107.9762,108.984,98.9997,,,
CP2061,Dichlobenil, C6H3Cl2(CN),170.9643,1194-65-6,170.9637,172.9607,100.0181,164.0009,75.0105,,,
CP2062,Diphenylamine ,C6H5NHC6H5,169.0891,122-39-4,169.0886,168.0808,167.0733,115.0543,141.0573,,,
CP2063,Ethalfluralin ,C13H14F3N3O4,333.0936,55283-68-6,276.059,316.09,277.0624,333.0927,,,,
CP2064,Fluchloralin ,C12H13ClF3N3O4,355.0547,33245-39-5,306.0697,307.073,326.0151,327.0182,,,,
CP2065,Isopropalin ,C15H23N3O4,309.1689,33820-53-0,238.0828,280.13,264.135,309.1682,,,,
CP2066,Nitralin ,C13H19N3O6S,345.0995,4726-14-1,274.0134,316.0602,258.0184,178.0945,345.0992,,,
CP2067,"2,4-Dichlorophenyl-4'-nitrophenyl ether",C12H7Cl2NO3,282.9803,1836-75-5,282.9799,202.0179,284.9771,204.015,162.0231,283.9831,284.9769,
CP2068,Oxyfluorfen ,C15H11ClF3NO4,361.0329,42874-03-3,361.0315,252.0395,300.0038,317.0064,,,,
CP2069,Pendimethalin ,C13H19N3O4,281.1375,40487-42-1,252.098,162.0784,191.0686,281.1372,,,,
CP2070,Pentachloroaniline ,C6H2Cl5N,262.8630,527-20-8,262.8633,264.8605,266.8575,268.8546,,,,
CP2071,Pentachlorobenzonitrile ,C7Cl5N,272.8474,20925-85-3,272.8469,274.8444,276.8412,278.8383,,,,
CP2072,Prodiamine ,C13H17F3N4O4,350.1202,29091-21-2,321.0808,349.1047,141.1634,148.0519,350.1173,,,
CP2073,Profluralin ,C14H16F3N3O4,347.1093,26399-36-0,347.1085,318.0696,330.1061,264.0227,,,,
CP2074,"2,3,5,6-Tetrachloroaniline ",C6H3Cl4N,228.9020,3481-20-7,228.9014,230.8985,232.8955,234.8925,,,,
CP2074_2,"2,3,5,6-Tetrachloroaniline ",C6H3Cl4N,228.9020,3481-20-7,228.9014,230.8985,232.8955,234.8925,,,,
CP2076,Tolylfluanid ,C10H13Cl2FN2O2S2,345.9780,731-27-1,345.9761,137.0598,238.9675,138.0631,344.9764,346.973,,
CP2077,Trifluralin ,C13H16F3N3O4,335.1093,1582-09-8,264.0223,306.0693,248.0274,335.1082,,,,
CP2078,Acetochlor ,C14H20ClNO2,269.1183,34256-82-1,269.1177,146.0962,132.0806,174.0911,,,,
CP2079,Alachlor ,C14H20ClNO2,269.1183,15972-60-8,269.1182,160.1118,188.1068,146.0962,,,,
CP2080,Allidochlor ,C8H12ClNO,173.0607,93-71-0,173.0597,138.0915,174.0674,132.057,171.0441,,,
CP2081,Clomazone (Command) ,C12H14ClNO2,239.0713,81777-89-1,239.0727,125,127.0155,176.0832,89.0597,240.0803,,
CP2082,Cycloate ,C11H21NOS,215.1344,1134-23-2,154.1228,186.095,155.126,83.1043,215.1338,,,
CP2083,Diallate-cis,C10H17Cl2NOS,269.0408,2303-16-4,86.0363,70.0414,129.0911,84.0889,,,,
CP2084,Diallate-trans,C10H17Cl2NOS,269.0408,2303-16-4,86.0363,70.0414,129.0911,84.0889,,,,
CP2085,Dimethachlor ,C13H18ClNO2,255.1026,50563-36-5,134.0965,197.0601,132.0808,210.0682,255.104,,,
CP2086,Diphenamid ,C16H17NO,239.1310,957-51-7,239.1306,167.0853,165.0697,72.0444,152.0619,,,
CP2087,Fenpropathrin ,C22H23NO3,349.1678,39515-41-8,181.0646,265.0737,180.0807,349.1672,,,,
CP2088,Fluquinconazole ,C16H8Cl2FN5O,375.0090,136426-54-5,375.0118,377.0086,376.0149,378.0124,,,,
CP2089,Flutolanil ,C17H16F3NO2,323.1133,66332-96-5,323.1129,173.0209,281.0664,145.0259,,,,
CP2090,Linuron ,C9H10Cl2N2O2,248.0119,330-55-2,248.0113,250.0082,159.9716,161.9685,187.0135,,,
CP2091,Metazachlor ,C14H16ClN3O,277.0982,67129-08-2,277.0968,276.0934,274.0779,275.0858,,,,
CP2091_2,Metazachlor ,C14H16ClN3O,277.0982,67129-08-2,277.0968,276.0934,274.0779,275.0858,,,,
CP2092,"4,4'-Methoxychlor ",C16H15Cl3O2,344.0138,72-43-5,344.014,341.0177,343.0142,342.0173,,,,
CP2093,Metolachlor ,C15H22ClNO2,283.1339,51218-45-2,162.0914,238.1348,146.0964,163.0946,,,,
CP2094,"N-(2,4-Dimethylphenyl)formamide ",C9H11NO,149.0841,60397-77-5,149.0836,120.0806,121.0883,106.0649,,,,
CP2095,Norflurazon ,C12H9ClF3N3O,303.0386,27314-13-2,303.0379,302.0304,145.026,173.0322,,,,
CP2096,Oxadiazon ,C15H18Cl2N2O3,344.0695,19666-30-9,344.0688,174.9588,176.9558,258.032,,,,
CP2097,Pebulate ,C10H21NOS,203.1344,1114-71-2,203.1339,128.107,132.0843,129.1103,,,,
CP2098,Pretilachlor,C17H26ClNO2,311.1652,51218-49-6,176.107,202.1226,238.0996,239.1026,311.1642,,,
CP2099,Prochloraz ,C15H16Cl3N3O2,375.0308,67747-09-5,375.033,108.0445,376.0337,377.0302,95.0492,180.0185,,
CP2100,Propachlor ,C11H14ClNO,211.0764,1918-16-7,211.0759,162.1275,238.0996,163.1307,,,,
CP2101,Propanil ,C9H9Cl2NO,217.0061,709-98-8,160.9794,162.9765,161.9827,219.0025,217.0054,,,
CP2102,Propisochlor ,C15H22ClNO2,283.1339,86763-47-5,162.1026,159.0805,160.0838,161.0876,,,,
CP2103,Pyridaben ,C19H25ClN2OS,364.1376,96489-71-3,364.1371,366.1339,365.0147,148.1504,,,,
CP2104,Tebufenpyrad ,C18H24ClN3O,333.1608,119168-77-3,333.1602,331.2663,332.2695,315.198,313.2558,,,
CP2105,Triallate ,C10H16Cl3NOS,303.0018,2303-17-5,303.0026,300.0028,304.0154,96.0442,,,,
CP2106,Atrazine ,C8H14ClN5,215.0938,1912-24-9,215.0932,200.0695,202.0666,173.046,,,,
CP2108,Captafol ,C10H9Cl4NO2S,346.9108,2425-06-1,78.9404,312.9505,182.9182,79.9482,348.9703,,,
CP2109,Captan ,C9H8Cl3NO2S,298.9341,133-06-2,78.9404,118.9031,116.906,80.9375,298.9344,,,
CP2110,Chlorfenapyr ,C15H11BrClF3N2O,405.9695,122453-73-0,247.0479,137.0028,327.9212,405.9692,407.9671,,,
CP2111,Cyprodinil ,C14H15N3,225.1266,121552-61-2,225.1266,224.1183,209.095,226.1298,,,,
CP2112,Etofenprox ,C25H28O3,376.2039,80844-07-1,163.1116,135.0803,107.049,376.2034,,,,
CP2113,Etridiazole ,C5H5Cl3N2OS,245.9188,2593-15-9,245.9183,182.9175,210.9488,184.9145,,,,
CP2114,Fenarimol ,C17H12Cl2N2O,330.0327,60168-88-9,138.9944,107.0239,140.9914,330.0321,,,,
CP2115,Fipronil ,C12H4Cl2F6N4OS,435.9387,120068-37-3,366.943,368.94,367.9465,369.9439,,,,
CP2116,Fludioxonil ,C12H6F2N2O2,248.0397,131341-86-1,248.0389,127.0416,182.0475,249.0427,,,,
CP2117,Fluridone,C19H14F3NO,329.1028,59756-60-4,328.0963,329.0987,330.1055,331.1197,,,,
CP2118,Flusilazole ,C16H15F2N3Si,315.1003,85509-19-9,233.0593,251.07,206.0543,315.1003,,,,
CP2119,Flutriafol ,C16H13F2N3O,301.1027,76674-21-0,123.0042,165.0258,300.0959,302.1105,301.1033,,,
CP2120,Folpet ,C9H4Cl3NO2S,294.9028,133-07-3,294.9023,259.9335,261.9305,260.9366,262.9339,,,
CP2121,Iprodione ,C13H13Cl2N3O3,329.0334,36734-19-7,314.0097,186.9586,316.0065,188.9557,,,,
CP2122,Lenacil ,C13H18N2O2,234.1368,2164-08-1,153.1273,154.1307,110.1045,109.1012,136.1204,,,
CP2123,MGK-264 ,C17H25NO2,275.1885,113-48-4,275.1881,164.0704,121.0646,98.0235,,,,
CP2124,Myclobutanil ,C15H17ClN4,288.1142,88671-89-0,179.0245,150.0105,152.0386,,288.1139,,,
CP2125,Paclobutrazol ,C15H20ClN3O,293.1295,76738-62-0,236.1405,238.1544,239.1625,237.144,,,,
CP2126,Penconazole ,C13H15Cl2N3,283.0643,66246-88-6,151.0754,153.0516,152.083,161.0598,248.086,,,
CP2127,Procymidone ,C13H11Cl2NO2,283.0167,32809-16-8,283.0161,96.0338,285.0133,95.0446,,,,
CP2128,Propargite ,C19H26O4S,350.1552,2312-35-8,350.1543,201.0577,351.1578,335.131,,,,
CP2129,Pyrimethanil ,C12H13N3,199.1109,53112-28-0,199.1102,198.1027,197.0949,200.115,,,,
CP2130,Pyriproxyfen ,C20H19NO3,321.1365,95737-68-1,318.1366,333.1602,320.1336,321.1371,,,,
CP2131,Tebuconazole ,C16H22ClN3O,307.1451,107534-96-3,125.0153,250.0743,127.0124,252.0713,307.1447,,,
CP2132,Terbacil ,C9H13ClN2O2,216.0666,5902-51-2,216.0683,161.0597,117.0863,217.0341,,,,
CP2134,Tricyclazole (Beam) ,C9H7N3S,189.0361,41814-78-2,162.0231,161.0153,163.0264,189.0343,,,,
CP2135,Triflumizole ,C15H15ClF3N3O,345.0856,68694-11-1,205.9983,218.0484,178.9872,345.0854,,,,
CP2136,Vinclozolin ,C12H9Cl2NO3,284.9959,50471-44-8,284.9953,212.0027,178.0415,213.9997,,,,
CP2137,Acequinocyl ,C24H32O4,384.2301,57960-19-7,322.2395,321.2327,325.2569,384.2316,323.2469,,,
CP2138,Bromopropylate ,C17H16Br2O3,425.9466,18181-80-1,340.8994,182.9442,184.9421,338.9016,,,,
CP2139,Carfentrazone ethyl ,C15H14Cl2F3N3O3,411.0364,128639-02-1,411.0359,312.0595,310.0196,330.0258,,,,
CP2140,Chlorobenzilate,C16H14Cl2O3,324.0320,510-15-6,322.0281,323.0314,325.0273,324.0334,,,,
CP2141,Chlorpropham ,C10H12ClNO2,213.0556,101-21-3,213.055,127.018,171.0077,129.015,,,,
CP2142,Chlozolinate ,C13H11Cl2NO5,331.0014,84332-86-5,331.0009,258.98,185.9869,189.9583,,,,
CP2143,DCPA methyl ester (Chlorthal-dimethyl) ,C10H6Cl4O4,329.9020,1861-32-1,329.9016,300.8805,298.8835,302.8775,,,,
CP2144,Fluazifop-p-butyl ,C19H20F3NO4,383.1344,79241-46-6,383.1333,282.0746,254.0432,283.0778,,,,
CP2146,2-Phenylphenol , C6H5C6H4OH,170.0732,90-43-7,170.0726,169.0646,141.0697,115.0541,,,,
CP2147,Bromfenvinfos-methyl ,C10H10BrCl2O4P,373.8877,13104-21-7,376.8979,378.8953,377.9014,375.9031,,,,
CP2148,Bromfenvinphos ( E ),C12H14BrCl2O4P,401.9190,33399-00-7,266.8877,268.8855,270.8814,269.889,,,,
CP2149,Bromophos ethyl ,C10H12BrCl2O3PS,391.8805,4824-78-6,358.9087,96.9508,241.8714,242.8611,302.8461,,,
CP2150,Bromophos methyl ,C8H8BrCl2O3PS,363.8492,2104-96-3,330.8775,124.9821,329.883,328.8798,363.849,,,
CP2151,Carbophenothion ,C11H16ClO2PS3,341.9738,786-19-6,341.9733,156.9871,96.9506,295.9855,,,,
CP2152,Chlorfenvinphos ,C12H14Cl3O4P,357.9695,470-90-6,266.9662,267.9698,322.932,268.9632,,,,
CP2153,Chlorthiophos ,C11H15Cl2O3PS2,359.9577,21923-23-9,268.9264,324.9891,270.9231,359.9575,,,,
CP2154,Coumaphos ,C14H16ClO5PS,362.0145,56-72-4,362.0141,96.9508,109.0048,364.011,,,,
CP2155,Edifenphos ,C14H15O2PS2,310.0251,17109-49-8,310.0235,109.0105,108.0026,218.0217,,,,
CP2156,Ethion ,C9H22O4P2S4,383.9876,563-12-2,230.9736,96.9508,153.0133,383.9869,,,,
CP2157,Fenamiphos ,C13H22NO3PS,303.1058,22224-92-6,303.105,154.0445,217.0084,260.0509,,,,
CP2158,Fenchlorphos, C8H8Cl3O3PS,319.8997,299-84-3,284.9305,286.9274,285.934,124.9822,319.8995,,,
CP2159,Fenthion ,C10H15O3PS2,278.0200,55-38-9,278.0197,169.0137,245.0396,124.9822,,,,
CP2160,Iodofenphos ,C8H8Cl2IO3PS,411.8353,18181-70-9,376.8667,378.8654,125.0961,411.8351,,,,
CP2161,Leptophos ,C13H10BrCl2O2PS,409.8699,21609-90-5,171.0027,376.8986,374.9009,378.8953,76.9609,,,
CP2162,Malathion ,C10H19O6PS2,330.0361,121-75-5,93.01,124.9821,127.039,173.0808,,,,
CP2163,Methacrifos ,C7H13O5PS,240.0221,62610-77-9,240.0217,180.0004,207.9955,124.9818,93.0101,,,
CP2164,Profenofos ,C11H15BrClO3PS,371.9351,41198-08-7,338.964,268.8859,371.9343,336.9664,,,,
CP2165,Prothiofos ,C11H15Cl2O2PS2,343.9628,34643-46-4,112.928,266.9467,308.9934,154.9749,,,,
CP2166,Sulfotepp ,C8H20O5P2S2,322.0227,3689-24-5,322.0221,293.9906,145.925,96.9504,,,,
CP2167,Sulprofos ,C12H19O2PS3,322.0285,35400-43-2,322.0281,156.006,140.0289,112.9278,,,,
CP2168,Terbufos ,C9H21O2PS3,288.0441,13071-79-9,230.9735,96.9507,174.9106,,288.0438,,,
CP2169,Tetrachlorvinphos ,C10H9Cl4O4P,363.8993,22248-79-9,330.8775,328.8801,332.8745,331.8811,,,,
CP2170,Tolclofos-methyl ,C9H11Cl2O3PS,299.9544,57018-04-9,268.9257,270.9224,296.9568,297.9605,,,,
CP2170_2,Tolclofos-methyl ,C9H11Cl2O3PS,299.9544,57018-04-9,268.9257,270.9224,296.9568,297.9605,,,,
CP2171,Disulfoton,C8H19O2PS3,274.0285,298-04-4,125.0197,153.0259,188.0317,97.0322,274.0284,,,
CP2172,Fonofos ,C10H15OPS2,246.0302,944-22-9,246.0297,108.987,137.0182,110.0182,,,,
CP2173,Methyl parathion ,C8H10NO5PS,263.0017,298-00-0,263.0018,127.0154,124.982,109.0048,,,,
CP2174,Mevinphos ,C7H13O6P,224.0450,7786-34-7,223.0368,127.1482,109.0762,79.0543,92.0621,224.0447,,
CP2175,Parathion (ethyl parathion) ,C10H14NO5PS,291.0330,56-38-2,291.0325,109.0049,96.9508,123.0553,,,,
CP2176,Phorate ,C7H17O2PS3,260.0128,298-02-2,260.0141,277.0168,261.0175,262.0098,231.0115,,,
CP2177,Piperonyl butoxide ,C19H30O5,338.2093,51-03-6,176.0832,177.0866,149.0598,178.0942,338.2088,,,
CP2178,Triazophos ,C12H16N3O3PS,313.0650,24017-47-8,161.0597,312.0591,310.0189,162.0632,313.0626,,,
CP2179,Butyl benzyl phthalate, C19H20O4,312.1360,85-68-7,149.0234,91.0543,123.0441,150.031,312.1357,,,
CP2180,bis(2-Chloroethoxy)methane,C5H10Cl2O2,172.0060,111-91-1,172.0061,171.0028,95.0046,123.0263,125.0337,,,
CP2181,bis(2-Chloroethyl)ether,C4H8Cl2O,141.9952,111-44-4,141.9849,93.01,94.9174,143.9195,140.977,113.9536,,
CP2182,bis(2-Chloro-1-methylethyl)ether,C6H12Cl2O,170.0270,108-60-1,170.0287,169.0236,121.0341,171.0195,77.0342,,,
CP2183,4-Chlorophenyl phenyl ether,C12H9ClO,204.0342,7005-72-3,204.0335,206.0306,205.0368,203.0258,169.0647,,,
CP2184,Diethyl phthalate,C12H14O4,222.0890,84-66-2,222.0872,177.0659,150.0463,176.0944,122.012,,,
CP2185,Dimethyl phthalate, C10H10O4,194.0580,131-11-3,163.039,133.0285,164.0423,194.0572,,,,
CP2186,Di-n-butyl phthalate,C16H22O4,278.1518,84-74-2,149.0961,150.0995,151.0754,179.1066,,,,
CP2188,bis(2-Ethylhexyl)phthalate,C24H38O4 ,390.2770,117-81-7,149.1326,150.1354,167.1431,112.084,113.1324,,,
CP2189,N-Nitrosodi-n-propylamine,C6H14N2O,130.1106,621-64-7,128.107,128.1071,133.1011,132.0844,,,,
CP2190,N-Nitrosodiphenylamine,C12H10N2O,198.0790,86-30-6,168.059,167.0855,115.0324,169.0603,198.078,,,
CP2191,Azobenzene,C12H10N2,182.0840,103-33-3,182.084,105.0448,152.0623,153.0702,78.042,,,
CP2192,2-Chloronaphthalene,C10H7Cl,162.0240,91-58-7,162.023,164.02,155.0603,163.0262,,,,
CP2192_2,2-Chloronaphthalene,C10H7Cl,162.0240,91-58-7,162.0231,164.02,155.0603,163.0262,,,,
CP2192_3,2-Chloronaphthalene,C10H7Cl,162.0240,91-58-7,162.0231,164.02,155.0603,163.0262,,,,
CP2193,"1,2-Dichlorobenzene",C6H4Cl2,145.9690,95-50-1,145.9687,147.9655,148.9689,110.9996,112.9967,146.9579,132.9608,
CP2194,"1,3-Dichlorobenzene",C6H4Cl2,145.9690,541-73-1,145.9687,144.9609,146.9579,132.9608,144.9609,146.9579,132.9608,
CP2195,"1,4-Dichlorobenzene",C6H4Cl2,145.9690,106-46-7,145.9687,144.9609,146.9579,132.9608,,,,
CP2196,"2,4-Dinitrotoluene",C7H6N2O4,182.0328,121-14-2,182.0338,165.0388,167.0415,166.0212,164.0306,,,
CP2197,"2,6-Dinitrotoluene",C7H6N2O4,182.0328,606-20-2,166.0212,165.0388,167.0415,164.0306,182.0338,,,
CP2198,Hexachlorobutadiene,C4Cl6,257.8131,87-68-3,257.8127,224.8409,226.838,222.8438,,,,
CP2199,Hexachlorocyclopentadiene,C5Cl6,269.8131,77-47-4,269.8128,236.8407,238.8378,234.8437,,,,
CP2200,Isophorone,C9H14O,138.1045,78-59-1,138.1038,95.0855,129.0909,123.1168,83.0492,,,
CP2201,Nitrobenzene,C6H5NO2,123.0320,98-95-3,123.0315,93.0699,79.0543,77.0386,94.0733,,,
CP2202,"1,2,4-Trichlorobenzene",C6H3Cl3,179.9300,120-82-1,179.9295,180.9372,183.9233,172.9666,144.9608,108.984,,
CP2203,Benzoic acid,C6H5COOH,122.0368,65-85-0,122.0363,105.0335,121.0285,123.0396,,,,
CP2204,o-Cresol,CH3C6H4OH,108.0575,95-48-7,108.0571,109.0604,110.1046,107.0492,,,,
CP2205,p-Cresol,CH3C6H4OH,108.0575,106-44-5,108.0571,109.0604,110.1046,107.0492,,,,
CP2206,"2,3,4-TRICHLOROPHENOL",C6H2Cl3(OH),195.9250,25167-82-2,195.9246,197.9215,96.984,198.9247,199.9185,,,
CP2207,Aniline,C6H5NH2,93.0580,62-53-3,93.0574,94.0607,92.0496,95.0292,,,,
CP2208,Benzyl alcohol,C6H5CH2OH,108.0575,100-51-6,108.0571,79.0543,107.0492,77.0386,,,,
CP2209,4-Chloroaniline, ClC6H4NH2,127.0189,106-47-8,127.0184,129.0155,92.0495,100.0075,,,,
CP2210,Dibenzofuran,C12H8O,168.0575,132-64-9,168.057,139.0543,169.0602,84.0282,70.0308,,,
CP2211,2-Methylnaphthalene,C11H10,142.0783,91-57-6,142.0772,139.054,143.0808,141.0697,,,,
CP2213,3-Nitroaniline,C6H6N2O2,138.0429,99-09-2,108.0444,92.0257,80.0495,139.0543,138.0424,,,
CP2214,4-Nitroaniline,C6H6N2O2,138.0429,100-01-6,108.0444,92.0257,80.0495,139.0543,138.0424,,,
CP2216,"3,3'-Dichlorobenzidine",C12H10Cl2N2,252.0220,91-94-1,252.0215,254.0192,256.0163,253.0254,,,,
CP2217,Acenaphthene,C12H10,154.0783,83-32-9,154.0777,153.0699,152.0618,155.0807,,,,
CP2217_2,Acenaphthene,C12H10,154.0783,83-32-9,154.0777,153.0699,152.0618,155.0807,,,,
CP2218,Acenaphthylene,C12H8,152.0626,208-96-8,152.0616,150.0461,151.0539,153.065,75.0232,,,
CP2218_2,Acenaphthylene,C12H8,152.0626,208-96-8,152.0616,150.0461,151.0539,153.065,75.0232,,,
CP2219,Anthracene,(C6H4CH)2,178.0783,120-12-7,178.0778,177.0699,176.0621,88.0308,,,,
CP2222,Benzo(b)fluoranthene,C20H12,252.0939,205-99-2,252.0942,250.0786,253.0974,248.0629,,,,
CP2223,"Benzo(g,h,i)perylene",C22H12,276.0939,191-24-2,276.0938,277.0971,274.0784,272.0627,,,,
CP2224,Benzo(k)fluoranthene,C20H12,252.0939,207-08-9,252.0942,250.0786,253.0974,248.0629,,,,
CP2226,"Dibenz(a,h)anthracene",C22H14,278.1096,53-70-3,278.1089,276.0939,279.1126,274.0783,,,,
CP2228,Fluorene,C13H10,166.0783,86-73-7,166.0777,165.0699,167.0854,152.0621,139.0544,,,
CP2229,"Indeno(1,2,3-cd)pyrene",C22H12,276.0939,193-39-5,276.0938,277.0971,274.0784,272.0627,,,,
CP2230,Naphthalene,C10H8,128.0626,91-20-3,128.0621,129.065,126.0462,102.0632,,,,
CP2230_2,Naphthalene,C10H8,128.0626,91-20-3,128.0621,129.065,126.0462,102.0632,,,,
CP2231,Phenanthrene,C14H10,178.0783,85-01-8,178.0778,177.0699,176.0621,88.0308,,,,
CP2232,Pyrene,C16H10,202.0782,129-00-0,202.0776,200.0624,203.0812,201.07,101.0387,,,
CP2233,Carbazole,C12H9N,167.0735,86-74-8,167.0733,166.0651,169.0885,168.076,,,,
CP2233_2,Carbazole,C12H9N,167.0735,86-74-8,167.0733,166.0651,165.0573,168.076,,,,
CP2234,4-Chloro-3-methylphenol,C6H3OHCH3Cl,142.0185,59-50-7,142.0179,107.0491,144.015,108.0524,77.0229,121.0284,,
CP2235,2-Chlorophenol,C6H4ClOH,128.0029,95-57-8,128.0024,129.9994,126.9946,100.0074,,,,
CP2236,"2,4-Dichlorophenol",C6H4Cl2O,161.9639,120-83-2,161.9633,163.9603,97.9919,165.9575,,,,
CP2238,"2,4-Dinitrophenol",C6H3(OH)(NO2)2,184.0120,51-28-5,186.0273,154.0337,185.0322,91.0291,184.0114,,,
CP2239,"2-Methyl-4,6-dinitrophenol",C7H6N2O5,198.0277,534-52-1,198.0271,121.0285,199.0157,200.0194,93.0368,168.0685,,
CP2240,2-Nitrophenol,C6H5NO3,139.0269,88-75-5,139.0265,109.0284,82.0369,81.0336,105.0335,,,
CP2241,4-Nitrophenol,C6H5NO3,139.0269,100-02-7,139.0265,109.0284,82.0369,81.0336,105.0335,,,
CP2243,Phenol,C6H5OH,94.0419,108-95-2,94.0414,95.0492,92.0577,152.0623,91.0543,,,
CP2243_2,Phenol,C6H5OH,94.0419,108-95-2,94.0414,95.0492,92.0577,152.0623,91.0543,,,
CP2250,potassium sorbate,C6H7O2K,113.0609,24634-61-5,113.0599,105.0699,133.1012,109.1012,,,,
CP2251,4-hydroxybenzoic acid,C7H6O3,138.0317,99-96-7,138.0313,121.0285,137.0472,136.0394,139.039,93.0292,,
CP2253,protocatechuic acid,C7H6O4,154.0266,99-50-3,153.0484,154.0262,109.0107,110.0185,,,,
CP2254,ethyl paraben,C9H10O3,166.0630,120-47-8,166.0625,121.0285,139.0543,138.0464,,,,
CP2255,isopropyl paraben,C10H12O3,180.0786,4191-73-5,121.0285,138.0309,93.0336,179.0522,180.0769,,,
CP2256,butyl paraben,C11H14O3,194.0943,94-26-8,121.0648,120.0808,93.0573,194.0934,195.0762,,,
CP2257,benzyl paraben,C14H12O3,228.0786,94-18-8,121.0604,77.0386,107.0401,122.0638,228.0806,,,
CP2258,heptyl paraben,C14H20O3,236.1412,1085-12-7,236.1406,237.1436,235.1346,234.1264,,,,
CP2259,propyl paraben,C10H12O3,180.0790,94-13-3,180.0773,121.0285,138.0309,93.0336,178.0581,,,
CP2260,isobutyl paraben,C11H14O3,194.0940,4247-02-3,194.0938,138.0312,140.0577,137.0388,139.0346,,,
CP2261,"Phenol, 2-octyl-",C14H22O,206.1671,949-13-3,206.1667,107.0491,108.0524,205.1587,191.143,,,
CP2262,Nonylphenol,C15H24O,220.1827,104-40-5,220.1821,135.0805,107.0492,163.1117,,,,
CP2263,Nonylphenol monoethoxylate,C17H28O2,264.2089,27986-36-3,263.1264,180.0767,179.0687,182.0838,264.2078,,,
CP2264,"2-Bromo-4-(2,4,4-trimethylpentan-2-yl)phenol",C14H21BrO,284.0780,57835-35-5,282.0735,283.0768,254.0423,284.0793,,,,
CP2265,Nonylphenol diethoxylate,C19H32O3,308.2351,9016-45-9,237.2214,107.2822,308.2363,238.2292,,,,
CP2266,Chloramben,C7H5Cl2NO2,204.9697,133-90-4,204.9692,206.9662,160.9793,162.9764,,,,
CP2267,"2,4-Dichlorophenoxyacetic acid",C8H6Cl2O3,219.9694,94-75-7,174.9526,221.9659,110.9811,144.9607,162.1152,219.9688,,
CP2268,Dicamba,C8H6Cl2O3,219.9694,1918-00-9,172.9665,174.9636,175.9559,173.9696,221.9659,219.9688,,
CP2269,Dichlorprop Acid,C9H8Cl2O3,233.9850,120-36-5,161.9633,163.9605,235.9815,165.9575,233.9848,,,
CP2270,Picloram,C6H3Cl3N2O2,239.9260,2/1/18,239.9241,145.9256,160.9222,111.9202,,,,
CP2271,Bentazon,C10H12N2O3S,240.0569,25057-89-0,198.0094,119.0367,161.071,199.0128,240.0569,,,
CP2272,Fenoprop,C9H7Cl3O3,267.9461,93-72-1,267.9456,239.9978,241.9949,269.9425,,,,
CP2273,Acifluorfen,C14H7ClF3NO5,360.9965,50594-66-6,360.9959,75.0261,76.0256,362.9933,361.9995,,,
CP2275,"3,5-dichlorobenzoic acid",C7H4Cl2O2,189.9590,51-36-5,189.9589,186.9586,188.9556,160.9608,,,,
CP2276,MCPA,C9H9ClO3,200.0240,94-74-6,200.0235,141.0103,202.0204,77.0222,,,,
CP2277,Mecopeop,C10H11ClO3,214.0397,7085-19-0,214.0391,142.0181,143.0214,215.0423,77.0222,,,
CP2278,Dinoseb,C10H12N2O5,240.0746,88-85-7,211.035,212.0386,163.0264,147.0316,117.0336,240.0746,,
CP2279,"2-(2,4-dichlorophenoxy)butanoic acid",C10H10Cl2O3,248.0007,94-82-6,248.0026,249.9999,231.9926,188.9919,,,,
CP2280,"2,4,5-trichlorophenoxyacetic acid",C8H5Cl3O3,253.9304,93-76-5,195.9241,197.9213,218.9343,255.9271,166.9383,253.9299,,
CP2281,"O,O-Dimethyl phosphate",C2H7O4P,126.0082,813-78-5,125.0057,94.995,96.0029,126.009,,,,
CP2282,Trimethyl Phosphate,C3H9O4P,140.0240,512-56-1,140.0251,141.0324,123.0206,82.0369,110.0363,79.0278,,
CP2283,Diethyl phosphate,C4H11O4P,154.0395,598-02-7,154.0403,125.0421,155.0328,139.0578,,,,
CP2284,Tripropyl Phosphate,C9H21O4P,224.1177,513-08-6,224.1182,225.1252,226.1294,222.1027,99.0315,,,
CP2285,Tributyl Phosphate,C12H27O4P,266.1647,126-73-8,125.0153,100.1121,126.0167,266.1624,,,,
CP2286,(3-Methylphenyl) diphenyl phosphate (CDP),C19H17O4P,340.0864,69500-28-3,340.0852,339.0783,341.0899,342.0927,,,,
CP2287,2-Ethylhexyldiphenylphosphate,C20H27O4P,362.1647,1241-94-7,251.0473,249.0318,252.0505,362.1643,,,,
CP2288,Tri-O-cresyl phosphate,C21H21O4P,368.1177,78-30-8,368.1182,367.1112,165.0701,261.0684,,,,
CP2289,Isodecyl Diphenyl Phosphate,C22H31O4P,390.196 ,29761-21-5,250.0778,252.0932,251.0802,395.1405,,,,
CP2290,Tris(2-ethylhexyl) phosphate,C24H51O4P,434.3525,78-42-2,99.1168,113.0915,70.0778,129.0909,,,,
CP2291,Diisopropylphenylphosphate,C12H19O4P,258.1021,51496-03-8,258.1001,261.0458,262.0535,237.026,260.0617,,,
CP2292,Triisopropyl Phosphate,C9H21O4P,224.118 ,513-02-0,224.1182,225.1252,208.087,222.1028,,,,
CP2293,tris(2-Chloroethyl) phosphate (TCEP),C6H12Cl3O4P,283.9539,115-96-8,142.9385,250.99,204.9376,98.9465,283.9551,,,
CP2293_2,tris(2-Chloroethyl) phosphate (TCEP),C6H12Cl3O4P,283.9539,115-96-8,142.9385,250.99,98.9465,283.9551,,,,
CP2295,Tris(1-chloro-2-propyl) phosphate,C9H18Cl3O4P,326.0008,13674-84-5,124.9967,99.023,156.9607,126.0001,326.0006,,,
CP2296,Tri-P-cresyl phosphate,C21H21O4P,368.1177,78-32-0,368.1182,367.1112,165.0701,261.0684,,,,
CP2297,"Tris(1,3-dichloro-2-propyl)phosphate",C9H15Cl6O4P,427.8840,13674-87-8,74.9997,190.9426,208.9532,380.8961,382.8928,381.8641,,
CP2298,"Bis(2,3-dibromopropyl) hydrogen phosphate",C6H11Br4O4P,493.7130,5412-25-9,403.7866,405.7848,401.789,407.7823,,,,
CP2299,Tetrabromobisphenol A,C15H12Br4O2,539.7570,79-94-7,528.7295,530.7261,526.7318,543.7521,539.7564,,,
CP2300,Tetrabromobisphenol A Bismethyl Ether,C17H16Br4O2,567.7884,37853-61-5,567.7886,556.761,558.759,554.7632,,,,
CP2303,Pentaerythritol tribromide,C5H9Br3O,321.8200,1522-92-5,212.8827,214.8791,216.8768,215.8831,,,,
CP2304,Tris(2-chloropropyl) phosphate,C9H18Cl3O4P,326.0008,6145-73-9,326.0003,124.9967,99.023,156.9607,126.0001,,,
CP2305,"Allyl 2,4,6-tribromophenyl ether",C9H7Br3O,367.8050,3278-89-5,367.8043,209.967,211.9649,290.8835,,,,
CP2306,Tri-M-cresyl phosphate,C21H21O4P,368.1180,563-04-2,368.1182,367.1112,165.0701,261.0684,,,,
CP2307,"1,2,5,6-Tetrabromocyclooctane",C8H12Br4,423.7670,3194-57-8,105.0573,184.9854,78.9671,198.0869,,,,
CP2308,"2-bromoallyl-2,4,6-tribromophenyl ether",C9H6Br4O,445.7152,99717-56-3,329.9068,328.9034,321.9039,445.7147,,,,
CP2309,Tetrabromophthalic Acid,C8H2Br4O4,477.6690,13810-83-8,461.8547,463.8512,462.8582,460.8609,,,,
CP2310,Tetrabromobisphenol S,C12H6Br4O4S,561.6720,39635-79-5,91.0543,173.1326,175.0153,172.1202,174.1403,561.6669,,
CP2311,Tetrabromobisphenol A Diallyl Ether,C21H20Br4O2,619.8200,25327-89-3,158.9264,156.9283,619.8226,138.8765,338.8647,,,
CP2313,tris(tribromoneopentyl) phosphate,C15H24Br9O4P,1009.4062,19186-97-1,255.2318,241.2161,227.2004,228.2038,,,,
CP2314,3-Bromostyrene,C8H7Br,181.9731,2039-86-3,181.9725,183.9705,182.9758,184.974,76.0308,,,
CP2315,Benzophenone-3,C14H12O3,228.0786,131-57-7,228.078,227.0703,151.039,152.0422,,,,
CP2316,4-Methyl-benzylidene camphor,C18H22O,254.1671,36861-47-9,254.1669,255.0215,155.2271,253.1587,,,,
CP2317,Avobenzone,C20H22O3,310.1569,70356-09-1,310.1571,311.2945,309.1485,135.0441,,,,
CP2318,Tris(3-Chloropropyl) phosphate (TCPP),C9H18Cl3O4P,326.0008,1067-98-7,326.0006,124.9967,99.023,126.0003,96.9984,,,
CP2319,"2,4,6-Tribromophenol",C6H3Br3O,327.7730,118-79-6,327.7738,333.7675,329.7717,331.7696,,,,
CP2319_2,"2,4,6-Tribromophenol",C6H3Br3O,327.7730,118-79-6,327.7738,333.7675,329.7717,331.7696,,,,
CP2320,Tetrachlorobisphenol A,C15H12Cl4O2,363.9592,79-95-8,350.9321,348.9351,352.9293,351.9355,363.9584,,,
CP2321,tris(2-Butoxyethyl) phosphate (TBEP),C18H39O7P,398.2433,78-51-3,85.0604,125.1281,153.1275,101.0597,,,,
CP2325,4-Bromostyrene,C8H7Br,181.9731,2039-82-9,181.9725,183.9705,182.9758,184.974,76.0308,,,
CP2326,"cis-3-(2,2-dichlorovinyl)-2,2-dimethylcylo",C8H10Cl2O2,208.0058,59042-49-8,175.0499,174.0465,178.0776,173.0385,,,,
CP2328,3-Phenoxybenzoic acid,C13H10O3,214.0630,3739-38-6,214.065,215.0573,141.0697,168.0568,,,,
CP2329,4-fluro-3-phenoxy-benzoic acid,C13H9FO3,232.0536,77279-89-1,232.0523,217.029,216.0212,209.047,,,,
CP2330,Homosalate,C16H22O3,262.1570,118-56-9,264.1686,260.1406,263.1627,261.1437,262.1547,,,
CP2332,Occtyl-Methoxycinnamate (OMC),C18H26O3,290.1880,5466-77-3,178.0624,161.0598,133.0649,179.0658,290.1877,,,
CP2334,"O,O-Dimethyl Thiophosphate",C2H7O3PS,141.9854,1112-38-5,141.9849,142.9927,140.9771,126.9779,126.9779,124.9821,,
CP2335,"O,O-Diethyl Phosphonate",C4H10O3P+,137.0368,762-04-9,137.0363,83.0855,139.0155,112.112,111.0998,,,
CP2336,"O,O-Dimethyl dithiophosphate",C2H7O2PS2,157.9625,756-80-9,157.9621,142.9927,124.9821,127.9514,,,,
CP2337,"O,O-Diethylthiophosphoric Acid",C4H10ClO2PS,187.9828,58975-95-4,187.9841,188.9921,171.9716,190.9893,,,,
CP2338,"O,O-Diethyl dithiophosphate",C4H11O2PS2,185.9938,298-06-6,185.9934,96.9509,187.9691,106.9951,,,,
CP2339,Malathion Diacid,C6H11O6PS2,273.9735,1190-28-9,88.0182,72.984,89.026,142.0054,,,,
CP2340,Carbofuran phenol,C10H12O2,164.0837,1563-38-8,164.0833,149.0597,163.0753,165.0876,,,,
CP2341,Mono(2-ethyl-5-oxohexyl) phthalate,C16H20O5,292.1311,40321-98-0,292.1283,293.0511,296.2502,297.2062,,,,
CP2342,Mono(2-ethyl-5-hydroxyhexyl) phthalate,C16H22O5,294.1467,40321-99-1,294.1446,280.1293,281.1328,236.1391,,,,
CP2343,Mono(5-carboxy-2-ethylpentyl) phthalate,C16H20O6,308.1260,40809-41-4,129.0911,87.0441,85.0285,127.0756,149.0234,,,
CP2344,Tripentyl Phosphate,C15H33O4P,308.2116,2528-38-3,308.2087,239.1432,235.1116,237.0466,99.1544,,,
CP2346,Mono(3-carboxypropyl) phthalate,C12H12O6,252.0634,66851-46-5,252.0634,243.0645,225.0915,244.0569,253.1182,250.099,,
CP2347,triclocarban,C13H9Cl3N2O,313.9780,101-20-2,126.9723,160.9734,124.9966,128.9695,,,,
CP2348,"2,5-Dichlorophenol",C6H4Cl2O,161.9639,583-78-8,161.9633,163.9603,97.9919,165.9575,,,,
CP2349,PROPYLENE THIOUREA,C4H8N2S,116.0410,2122-19-2,112.0519,113.0347,114.0268,101.0387,,,,
CP2350,Thifensulfuron-methyl,C12H13N5O6S2,387.0307,79277-27-3,139.0265,140.0298,142.0292,141.0546,,,,
CP2351,4-Tert-Octylphenol,C14H22O,206.1671,140-66-9,135.0805,107.0492,107.0493,136.0841,191.143,206.1667,,
CP2352,Triclosan,C12H7Cl3O2,287.9512,3380-34-5,287.9511,218.013,289.9478,288.9539,,,,
CP2353,Bisphenol F,C13H12O2,200.0837,620-92-8,200.0832,107.0492,199.0754,201.0865,,,,
CP2354,Bisphenol S,C12H10O4S,250.0300,80-09-1,251.0158,94.0414,110.0151,139.0058,140.0576,141.07,,
CP2356,ETHYLENE THIOUREA,C3H6N2S,102.0252,96-45-7,100.0181,99.0104,101.0216,102.0216,73.0284,,,
CP2357,Bensulfuron-methyl,C16H18N4O7S,410.0896,83055-99-6,149.0583,150.0267,151.0276,147.0445,95.0492,,,
CP2359,Halosulfuron-methyl,C13H15ClN6O7S,434.0410,100784-20-1,164.0706,165.0747,166.0861,183.0635,182.0601,,,
CP2361,metsulfuron-methyl,C14H15N5O6S,381.0743,74223-64-6,210.068,197.0602,199.0572,198.0635,211.0714,,,
CP2362,nicosulfuron,C15H18N6O6S,410.1009,111991-09-4,366.0617,213.0421,182.0602,410.0941,,,,
CP2363,oxasulfuron,C17H18N4O6S,406.0947,144651-06-9,125.0961,355.0699,356.0695,357.0666,406.0925,,,
CP2364,primisulfuron-methyl,C15H12F4N4O7S,468.0363,86209-51-0,122.0363,167.0341,168.0373,121.0285,,,,
CP2366,rimsulfuron,C14H17N5O7S2,431.0564,122931-48-0,155.0491,156.0568,153.0545,157.0605,,,,
CP2367,sulfosulfuron,C16H18N6O7S2,470.0678,141776-32-1,235.9791,173.0153,135.0806,470.068,,,,
CP2368,triasulfuron,C14H16ClN5O5S,401.0561,82097-50-5,401.0546,400.0258,355.9998,412.0252,281.0512,,,
CP2369,triflusulfuron-methyl,C17H19F3N6O6S,492.1039,126535-15-7,492.1051,327.3142,328.2132,325.0566,,,,
CP2371,"2,4,5-trichlorophenol",C6H3Cl3O,195.9249,95-95-4,195.9246,197.9215,96.984,198.9247,199.9185,,,
CP2372,"2,4,6-trichlorophenol",C6H3Cl3O,195.9249,88-06-2,195.9246,197.9215,96.984,198.9247,199.9185,,,
CP2373,2-isopropyl-6-methyl-4-pyrimidinol,C8H12N2O,152.0950,2814-20-2,152.0946,137.0708,124.0631,151.0865,84.0446,,,
CP2376,mono-benzyl phthalate(MBzP),C15H12O4,256.0735,2528-16-7,255.0687,122.0211,121.0134,254.0901,256.0721,150.0549,,
CP2377,mono-n-butyl phthalate(MnBP),C12H14O4,222.0892,131-70-4,149.0449,167.0553,148.069,223.081,222.0888,,,
CP2378,mono-cyclohexyl phthalate(MCHP),C14H16O4,248.1049,7517-36-4,248.103,149.0582,150.0615,105.0446,,,,
CP2379,mono-ethyl phthalate(MEP),C10H10O4,194.0579,2306-33-4,149.0584,105.0529,150.0618,122.0477,,,,
CP2380,mono-n-octyl phthalate(MOP),C16H22O4,278.1518,5393-19-1,149.0961,150.0995,151.0754,179.1066,,,,
CP2381,mono-isobutyl phthalate(MiBP),C12H14O4,222.0892,30833-53-5,149.0449,167.0553,148.069,223.081,222.0888,,,
CP2383,mono-isononyl phthalate(MiNP),C17H24O4,292.1675,106610-61-1,292.1657,163.0865,164.0945,166.0692,,,,
CP2384,mono-methyl phthalate(MMP),C9H8O4,180.0423,4376-18-5,180.0416,179.034,133.0285,76.0416,180.0416,,,
CP2385,perfluorohexanoic acid (PFHxS),C6HF11O2,313.9801,307-24-4,284.9769,283.9833,268.9822,118.9452,312.9612,312.9615,,
CP2386,perfluorononanoic acid (PFHxS),C9HF17O2,463.9705,375-95-1,158.9667,130.9718,160.9637,99.0041,,,,
CP2387,Benzene,C6H6,78.0470,71-43-2,78.0464,79.0543,77.0386,73.0285,87.0442,,,
CP2388,Bromobenzene,C6H5Br,155.9575,108-86-1,155.957,161.9633,163.9603,154.9492,74.9811,,,
CP2389,Bromochloromethane,CH2BrCl,127.9028,74-97-5,129.9371,130.9449,131.9343,126.9723,128.9695,,,
CP2391,Bromoform,CHBr3,249.7628,75-25-2,172.9419,171.9519,250.9846,173.9498,249.7641,92.9335,,
CP2392,n-Butylbenzene,C10H14,134.1096,104-51-8,91.0543,77.0385,105.0699,121.1012,134.1092,,,
CP2393,sec-Butylbenzene,C10H14,134.1096,135-98-8,105.0699,91.0543,119.0856,134.109,106.0777,,,
CP2394,tert-Butylbenzene,C10H14,134.1096,98-06-6,119.0855,117.0699,91.0543,134.1091,77.0386,,,
CP2395,Carbon tetrachloride,CCl4,151.8754,56-23-5,116.9061,118.9031,120.9002,122.9811,149.9767,,,
CP2396,Chlorobenzene,C6H5Cl,112.0080,108-90-7,112.0075,114.0047,113.0027,110.002,111.0054,,,
CP2397,Chloroform,CHCl3,117.9144,67-66-3,82.945,84.9421,86.9391,118.9947,80.9375,,,
CP2398,2-Chlorotoluene,CH3C6H4Cl,126.0236,95-49-8,125.0155,124.0077,90.0465,128.0158,,,,
CP2399,4-Chlorotoluene,CH3C6H4Cl,126.0236,106-43-4,125.0155,126.0232,128.0158,124.0077,,,,
CP2400,Dibromochloromethane,CHBr2Cl,205.8134,124-48-1,128.9229,130.9187,94.0652,126.9438,129.9307,,,
CP2401,"1,2-Dibromo-3-chloropropane",C3H5Br2Cl,233.8447,96-12-8,74.9997,156.9236,154.926,158.9206,76.9967,,,
CP2402,"1,2-Dibromoethane",Br(CH2)2Br,185.8680,106-93-4,106.945,108.9421,110.9394,107.9482,,,,
CP2403,Dibromomethane,CH2Br2,171.8523,74-95-3,173.9686,172.9667,174.9639,90.9848,,,,
CP2404,"1,1-Dichloroethane",CH3CHCl2 ,97.9690,75-34-3,94.9684,96.9653,95.9342,97.9689,82.9683,,,
CP2405,"1,2-Dichloroethane",ClCH2CH2Cl ,97.9690,107-06-2,94.9683,96.9653,95.9342,97.9689,82.9683,,,
CP2406,"1,1-Dichloroethene",H2C=CCl2,95.9534,75-35-4,96.9508,98.9467,97.9501,99.9528,,,,
CP2407,"cis-1,2-Dichloroethene",ClCH=CHCl,95.9534,156-59-2,96.9508,98.9467,97.9501,94.9174,,,,
CP2408,"trans-1,2-Dichloroethene",ClCH=CHCl,95.9534,156-60-5,96.9508,98.9467,97.9501,94.9174,,,,
CP2409,"1,2-Dichloropropane",C3H6Cl2,111.9847,78-87-5,108.984,113.9823,110.9811,114.976,111.9844,,,
CP2410,"1,3-Dichloropropane",C3H6Cl2,111.9847,142-28-9,108.984,110.9811,109.9792,111.9845,,,,
CP2411,"2,2-Dichloropropane",C3H6Cl2,111.9847,594-20-7,108.984,110.9811,109.9792,111.9845,,,,
CP2411_2,"1,1-Dichloropropane",C3H6Cl2,111.9847,594-20-7,108.984,110.9811,109.9792,111.9845,,,,
CP2412,"1,1-Dichloropropene",C3H4Cl2,109.9690,563-58-6,106.9683,106.9683,107.9342,109.9687,,,,
CP2413,"cis-1,3-Dichloropropene",C3H4Cl2,109.9690,10061-01-5,106.9682,106.9683,75.023,77.0386,,,,
CP2414,"trans-1,3-Dichloropropene",C3H4Cl2,109.9690,10061-02-6,106.9682,106.9683,75.023,77.0386,,,,
CP2415,Ethylbenzene,C6H5C2H5,106.0783,100-41-4,106.0778,135.0805,108.0526,106.078,79.0543,,,
CP2416,Isopropylbenzene,C6H5CH(CH3)2,120.0939,98-82-8,105.0699,119.0855,79.0543,77.0386,120.0934,,,
CP2417,p-Isopropyltoluene,CH3C6H4CH(CH3)2,134.1096,99-87-6,134.1091,119.0856,117.0699,91.0543,134.1091,,,
CP2418,Methylene chloride,CH2Cl2,83.9534,75-09-2,83.9529,88.9603,82.9451,84.9421,85.9733,86.9633,87.9764,
CP2419,n-Propylbenzene,C9H12,120.0939,103-65-1,105.0699,119.0855,79.0543,77.0386,120.0934,,,
CP2420,Styrene,C6H5CHCH2,104.0626,100-42-5,104.0621,105.0656,106.0778,133.0648,77.0386,,,
CP2421,"1,1,1,2-Tetrachloroethane",Cl3CCH2Cl,165.8911,630-20-6,133.0318,117.0573,135.0105,165.9818,130.9913,,,
CP2422,"1,1,2,2-Tetrachloroethane",CHCl2CHCl2,165.8911,79-34-5,85.0107,83.0128,94.9893,130.9893,165.9803,,,
CP2423,Tetrachloroethene,Cl2C=CCl2,163.8754,127-18-4,163.8746,165.8719,167.869,128.9061,,,,
CP2424,Toluene,C6H5CH3,92.0626,108-88-3,92.062,91.0843,93.0699,94.0414,,,,
CP2425,"1,2,3-Trichlorobenzene",C6H3Cl3,179.9300,87-61-6,179.9295,181.9262,183.9233,172.9666,,,,
CP2426,"1,1,1-Trichloroethane",CCl3CH3,131.9300,71-55-6,94.9684,96.9655,118.9032,116.9061,100.9967,,,
CP2427,"1,1,2-Trichloroethane",CHCl2CH2Cl,131.9300,79-00-5,94.9684,96.9654,118.9031,116.9061,100.9357,,,
CP2428,Trichloroethene,ClCH=CCl2,129.9144,79-01-6,129.9139,131.9109,99.0804,75.0229,,,,
CP2429,"1,2,3-Trichloropropane",CH2ClCHClCH2Cl,145.9457,96-18-4,145.9455,110.9766,109.9732,146.9391,75.0186,,,
CP2429_2,"1,2,3-Trichloropropane",CH2ClCHClCH2Cl,145.9457,96-18-4,145.9455,110.9766,109.9732,146.9391,75.0186,,,
CP2429_3,"1,2,3-Trichloropropane",CH2ClCHClCH2Cl,145.9457,96-18-4,145.9455,110.9766,109.9732,146.9391,75.0186,,,
CP2429_4,"1,2,3-Trichloropropane",CH2ClCHClCH2Cl,145.9457,96-18-4,145.9453,110.9766,109.9732,146.9391,75.0186,,,
CP2429_5,"1,2,3-Trichloropropane",CH2ClCHClCH2Cl,145.9457,96-18-4,145.09454,110.9766,109.9732,146.9391,75.0186,,,
CP2430,"1,2,4-Trimethylbenzene",C9H12,120.0939,95-63-6,120.0934,119.0855,79.0543,77.0386,,,,
CP2431,"1,3,5-Trimethylbenzene",C9H12,120.0939,108-67-8,120.0934,119.0855,79.0543,77.0386,,,,
CP2432,o-Xylene,C6H4(CH3)2,106.0783,95-47-6,106.0783,91.0542,105.0699,93.07,79.0543,,,
CP2433,m-Xylene,C6H4(CH3)2,106.0783,108-38-3,106.0783,91.0542,105.0699,93.07,79.0543,,,
CP2434,p-Xylene,C6H4(CH3)2,106.0783,106-42-3,106.0783,91.0542,105.0699,93.07,79.0543,,,
CP2435,"1-Chloro-2,4-dinitrobenzene",C6H3Cl(NO2)2,201.9781,97-00-7,75.0229,109.9917,108.984,126.0465,112.0075,,,
CP2436,"1-Chloro-3,4-dinitrobenzene",C6H3Cl(NO2)2 ,201.9781,610-40-2,201.9775,203.9746,109.9918,75.023,72.9841,108.984,,
CP2437,1-Chloro-2-nitrobenzene,C6H4ClNO2,156.9931,88-73-3,156.9926,98.9996,126.9947,110.9997,112.9968,158.9896,,
CP2438,1-Chloro-4-nitrobenzene,C6H4ClNO2,156.9931,100-00-5,98.9996,126.9947,110.9997,74.9811,,,,
CP2439,2-Chloro-6-nitrotoluene,C7H6ClNO2,171.0087,83-42-1,171.0082,89.0386,90.0339,154.0055,,,,
CP2440,4-Chloro-2-nitrotoluene,C7H6ClNO2,171.0087,89-59-8,154.0055,90.0339,89.0386,171.0081,,,,
CP2441,4-Chloro-3-nitrotoluene,C7H6ClNO2,171.0087,89-60-1,154.0055,90.0339,89.0386,171.0081,,,,
CP2442,"2,3-Dichloronitrobenzene",C6H3Cl2NO2,190.9541,3209-22-1,190.9527,108.984,134.9578,144.9606,,,,
CP2443,"2,4-Dichloronitrobenzene",C6H3Cl2NO2,190.9541,611-06-3,190.9535,108.984,134.9578,144.9606,,,,
CP2444,"3,5-Dichloronitrobenzene",C6H3Cl2NO2,190.9541,618-62-2,190.9536,108.984,134.9578,144.9606,,,,
CP2445,"3,4-Dichloronitrobenzene",C6H3Cl2NO2,190.9541,99-54-7,190.9534,108.984,134.9578,144.9606,,,,
CP2446,"2,5-Dichloronitrobenzene",C6H3Cl2NO2,190.9541,89-61-2,190.9534,108.984,134.9578,144.9606,,,,
CP2447,"2,3,5,6-Tetrachloronitrobenzene",C6HCl4NO2,258.8761,117-18-0,258.8757,202.8794,200.8824,260.8727,,,,
CP2448,"2,3,4,5-Tetrachloronitrobenzene",C6HCl4NO2,258.8761,879-39-0,258.8757,202.8794,200.8824,260.8727,,,,
CP2449,"1,2,3-Trichloro-4-nitrobenzene",C6H2Cl3NO2,224.9151,17700-09-3,224.9145,194.9167,196.9137,198.9108,,,,
CP2450,"1,2,4-Trichloro-5-nitrobenzene",C6H2Cl3NO2,224.9151,89-69-0,224.9145,194.9167,196.9137,198.9108,,,,
CP2451,"2,4,6-Trichloronitrobenzene",C6H2Cl3NO2,224.9151,18708-70-8,224.9145,194.9167,196.9137,198.9108,,,,
CP2452,4-Bromophenyl phenyl ether,C12H9BrO,247.9837,101-55-3,247.9832,249.981,141.0699,115.0543,,,,
CP2453,2-Chlorophenyl-4'-nitrophenyl ether,C12H8ClNO3,249.0193,2091-61-4,249.0187,251.0159,250.0222,252.0192,,,,
CP2454,3-Chlorophenyl-4'-nitrophenyl ether,C12H8ClNO3,249.0193,2303-23-3,249.0187,251.0159,250.0222,252.0192,,,,
CP2455,4-Chlorophenyl-4'-nitrophenyl ether,C12H8ClNO3,249.0193,1836-74-4,249.0187,251.0159,250.0222,252.0192,,,,
CP2456,"2,4-Dibromophenyl-4'-nitrophenyl ether",C24H12Br4N2O5,723.7480,2671-93-4,372.8767,374.8745,370.8788,373.88,,,,
CP2457,"4-(2,4-dichlorophenoxy)-2-methyl-1-nitrobenzene",C13H9Cl2NO3,296.9959,42488-57-3,296.9955,279.9928,281.9898,298.9924,,,,
CP2459,"3,5-Dichlorophenyl-4'-nitrophenyl ether",C12H7Cl2NO3,282.9803,21105-77-1,282.9799,202.0179,284.9771,204.015,162.0231,283.9831,284.9769,
CP2460,"2,5-Dichlorophenyl-4'-nitrophenyl ether",C12H7Cl2NO3,282.9803,39145-48-7,282.9799,202.0179,284.9771,204.015,162.0231,283.9831,284.9769,
CP2461,"2,3-Dichlorophenyl-4'-nitrophenyl ether",C12H7Cl2NO3,282.9803,82239-20-1,282.9799,202.0179,284.9771,204.015,162.0231,283.9831,284.9769,
CP2462,"3,4-Dichlorophenyl-4'-nitrophenyl ether",C12H7Cl2NO3,282.9803,22532-80-5,202.0179,204.0154,138.9774,288.9144,162.0231,283.9831,284.9769,
CP2463,4-Nitrophenyl phenyl ether,C12H9NO3,215.0582,620-88-2,215.0573,216.0607,217.063,218.0651,,,,
CP2464,"2,4,6-Trichlorophenyl-4'-nitrophenyl ether",C24H10Cl6N2O5,615.8721,1836-77-7,282.9797,252.9817,254.9788,284.9767,,,,
CP2465,"2,3,6-Trichlorophenyl-4'-nitrophenyl ether",C24H10Cl6N2O5,615.8721,142022-58-0,282.9797,252.9817,254.9788,284.9767,,,,
CP2466,"2,3,5-Trichlorophenyl-4'-nitrophenyl ether",C24H10Cl6N2O5,615.8721,142022-59-1,282.9797,252.9817,254.9788,284.9767,,,,
CP2467,"2,4,5-Trichlorophenyl-4'-nitrophenyl ether",C24H10Cl6N2O5,615.8721,22532-68-9,282.9797,252.9817,254.9788,284.9767,,,,
CP2468,"3,4,5-Trichlorophenyl-4'-nitrophenyl ether",C24H10Cl6N2O5,615.8721,142022-60-4,282.9797,252.9817,254.9788,284.9767,,,,
CP2469,"2,3,4-Trichlorophenyl-4'-nitrophenyl ether",C24H10Cl6N2O5,615.8721,142022-61-5,235.9799,237.9769,316.9417,286.943,,,,
CP2470,Benzoylprop ethyl,C18H17Cl2NO3,365.0585,22212-55-1,365.0582,295.0292,292.0291,293.0326,,,,
CP2471,Caffeine,C8H10N4O2,194.0804,58-08-2,194.0794,109.0397,195.083,82.0526,81.0448,,,
CP2472,Carbaryl,C12H11NO2,201.0790,63-25-2,201.0784,144.057,115.0543,116.0583,158.0727,202.0987,,
CP2473,o-Chlorophenyl thiourea,C7H7ClN2S,186.0018,5344-82-1,185.9999,169.0344,171.0917,111.0262,113.0189,,,
CP2474,"3,3'-Dimethoxybenzidine",C14H16N2O2,244.1212,119-90-4,244.1206,201.1022,186.0787,158.0839,79.0417,,,
CP2476,Diuron,C9H10Cl2N2O,232.0170,330-54-1,232.0163,234.0122,187.0113,71.0492,188.019,,,
CP2477,Monuron,C9H11ClN2O,198.0560,150-68-5,198.0555,72.0445,76.0308,154.0777,126.0106,,,
CP2478,Rotenone,C23H22O6,394.1416,83-79-4,394.1411,395.1446,396.1472,379.1178,,,,
CP2479,Siduron,C14H20N2O,232.1576,1982-49-6,232.1572,93.0574,92.0496,94.0607,,,,
CP2480,Bromacil,C9H13BrN2O2,260.0160,314-40-9,260.0142,207.1742,122.06,205.1012,206.0111,,,
CP2481,Hexazinone,C12H20N4O2,252.1586,51235-04-2,171.0875,172.0909,128.0819,83.024,252.1583,,,
CP2482,Metribuzin,C8H14N4OS,214.0888,21087-64-9,196.0882,195.0804,194.0725,198.0629,214.0898,,,
CP2483,Triadimefon,C14H16ClN3O2,293.0931,43121-43-3,293.0938,291.0781,297.0971,292.0811,,,,
CP2484,Butylate,C11H23NOS,217.1500,2008-41-5,156.0808,174.0994,142.0652,157.0887,146.0964,,,
CP2485,EPTC,C9H19NOS,189.1187,759-94-4,128.0621,160.0838,161.0961,189.1183,,,,
CP2488,Ethyl acetate,CH3COOC2H5,88.0524,141-78-6,88.0519,101.0597,89.0597,87.0441,70.0414,,,
CP2488_2,Ethyl acetate,CH3COOC2H5,88.0524,141-78-6,88.0519,101.0597,89.0597,87.0441,70.0414,,,
CP2488_3,Ethyl acetate,CH3COOC2H5,88.0524,141-78-6,88.0519,101.0597,89.0597,87.0441,70.0414,,,
CP2488_4,Ethyl acetate,CH3COOC2H5,88.0524,141-78-6,88.0519,101.0597,89.0597,87.0441,70.0414,,,
CP2489,Ethyl propionate,C5H10O2,102.0681,105-37-3,102.0676,103.071,104.0719,101.0598,75.0441,74.0363,,
CP2491,Ethyl valerate,C7H14O2,130.0994,539-82-2,130.0987,88.0519,85.1012,101.0598,,,,
CP2492,Ethyl caproate,C8H16O2,144.1150,123-66-0,144.1143,97.1011,98.1044,101.0596,,,,
CP2492_2,Ethyl caproate,C8H16O2,144.1150,123-66-0,144.1143,97.1011,98.1044,101.0596,,,,
CP2493,Ethyl heptanoate,C9H18O2,158.1307,106-30-9,158.1298,88.0517,113.0959,101.0596,,,,
CP2494,Ethyl caprylate,C10H20O2,172.1463,106-32-1,172.1458,88.0519,87.044,171.1378,84.057,,,
CP2494_2,Ethyl caprylate,C10H20O2,172.1463,106-32-1,172.1458,88.0519,87.044,171.1378,84.057,,,
CP2494_3,Ethyl caprylate,C10H20O2,172.1463,106-32-1,172.1458,88.0519,87.044,171.1378,84.057,,,
CP2495,Ethyl pelargonate,C11H22O2,186.1620,123-29-5,186.1617,87.0441,129.0911,115.0754,,,,
CP2496,Ethyl caprate,C12H24O2,200.1776,110-38-3,200.1769,73.0285,89.0598,87.0441,101.0598,,,
CP2496_2,Ethyl caprate,C12H24O2,200.1776,110-38-3,200.1769,73.0285,89.0598,87.0441,101.0598,,,
CP2497,Ethyl undecanoate,C13H26O2,214.1933,627-90-7,214.1926,101.0597,115.0753,87.044,,,,
CP2498,Ethyl laurate,C14H28O2,228.2089,106-33-2,228.2085,115.0751,87.0439,129.0907,,,,
CP2499,Ethyl myristate,C16H32O2,256.2402,124-06-1,256.2401,213.1851,88.052,227.2008,199.1694,,,
CP2500,Ethyl palmitate,C18H36O2,284.2715,628-97-7,284.2708,285.2733,87.0441,129.091,,,,
CP2501,Ethyl stearate,C20H40O2,312.3028,111-61-5,312.3018,88.0519,129.0913,101.0598,,,,
CP2502,Aldicarb sulfoxide,C7H14N2O3S,206.0725,1646-87-3,206.073,208.0703,207.0766,209.0735,84.984,,,
CP2503,Aldicarb sulfone,C7H14N2O4S,222.0674,1646-88-4,86.0151,143.0492,144.057,85.0072,,,,
CP2504,Oxamyl,C7H13N3O3S,219.0678,23135-22-0,219.0678,181.0648,210.0675,220.0755,,,,
CP2505,methomyl,C5H10N2O2S,162.0463,16752-77-5,162.0464,163.0542,161.0387,106.0651,,,,
CP2507_2,aldicarb,CH3SC(CH3)2CH=NOCONHCH3,190.0776,116-06-3,86.0726,85.0649,144.0569,100.0838,76.081,,,
CP2508,baygon,C11H15NO3,209.1052,114-26-1,110.0152,111.0229,210.103,209.1073,,,,
CP2509,carbofuran,C12H15NO3,221.1052,1563-66-2,164.0831,149.0598,122.0363,221.1072,,,,
CP2510,1-naphthol,C10H8O,144.0575,90-15-3,144.057,114.0465,115.0541,116.0618,,,,
CP2511,methiocarb,C11H15NO2S,225.0824,2032-65-7,168.0603,153.0369,109.0648,167.0523,225.0818,,,
CP2513,"1,4-Naphthoquinone",C10H6O2,158.0368,130-15-4,158.0362,164.0233,160.0519,159.0395,76.0182,,,
CP2515,p-Phenylenediamine,C6H4(NH2)2,108.0687,106-50-3,108.0683,80.0621,93.0449,109.065,81.0699,,,
CP2517,2-Acetylaminofluorene,C15H13NO,223.0997,53-96-3,223.0986,181.0885,180.0807,152.0239,153.0209,,,
CP2519,Aramite,C15H23ClO4S,334.1006,140-57-8,334.0999,175.1118,135.0805,107.0492,136.0995,,,
CP2519,Aramite_2,C15H23ClO4S,334.1006,140-57-8,334.0999,175.1118,135.0805,107.0492,136.0995,,,
CP2520,m-Cresol,CH3C6H4OH,108.0575,108-39-4,108.0571,109.0604,110.1046,107.0492,,,,
CP2521,"2,6-Dichlorophenol",C6H4Cl2O,161.9639,87-65-0,161.9633,163.9603,97.9919,165.9575,,,,
CP2522,p-Dimethylaminoazobenzene,C6H5N=NC6H4N(CH3)2,225.1266,60-11-7,225.126,120.0809,105.0574,226.1298,,,,
CP2523,"7,12-Dimethylbenz(a)anthracene",C20H16,256.1252,57-97-6,256.1247,241.1013,239.0856,240.094,257.1278,,,
CP2524,m-Dinitrobenzene,C6H4(NO2)2,168.0171,99-65-0,168.0165,92.0257,122.0152,121.0161,75.0229,,,
CP2525,Ethyl methacrylate,CH2=C(CH3)COO(C2H5),114.0681,97-63-2,114.0676,99.044,97.0648,113.0596,96.057,,,
CP2526,Ethyl methanesulfonate,C3H8O3S,124.0194,62-50-0,125.0198,126.0151,123.0041,109.0322,124.0195,,,
CP2526_2,Ethyl methanesulfonate,C3H8O3S,124.0194,62-50-0,125.0198,126.0151,123.0041,109.0322,124.0195,,,
CP2526_3,Ethyl methanesulfonate,C3H8O3S,124.0194,62-50-0,125.0198,126.0151,123.0041,109.0322,124.0195,,,
CP2527,Hexachlorophene, C6H(OH)Cl3CH2Cl3(OH)C6H,403.8499,70-30-4,195.9243,197.9213,199.9183,198.9247,403.8528,,,
CP2528,Hexachloropropene,C3Cl6,245.8131,1888-71-7,212.8687,210.8712,214.866,105.9872,,,,
CP2529,Isosafrole,C10H10O2,162.0681,120-58-1,162.0678,161.0597,104.0622,131.0493,103.0543,,,
CP2530,Methapyrilene,C14H19N3S,261.1300,91-80-5,191.0422,190.0221,203.0426,189.0041,261.1318,,,
CP2531,3-Methylcholanthrene,C21H16,268.1252,56-49-5,268.1251,267.117,269.1277,265.1013,,,,
CP2532,Methyl methacrylate,CH2C(CH3)COOCH3,100.0524,80-62-6,100.0519,101.0597,99.0441,87.0441,,,,
CP2534,1-Naphthylamine,C10H9N,143.0735,134-32-7,143.073,115.0543,116.0621,144.0763,117.0574,,,
CP2536,N-Nitrosodi-n-butylamine,C8H18N2O,158.1419,924-16-3,99.0917,84.0808,70.0652,158.1414,,,,
CP2537,N-Nitrosodiethylamine,C4H10N2O,102.0793,55-18-5,101.096,71.0646,103.0709,72.0569,102.0798,,,
CP2538,N-Nitrosoethylmethylamine,C3H8N2O,88.0637,10595-95-6,73.0647,71.0856,83.0492,89.0597,88.0645,,,
CP2539,N-Nitrosomorpholine,C4H8N2O2,116.0586,59-89-2,116.0583,99.0227,98.015,86.015,73.0663,,,
CP2540,N-Nitrosopyrrolidine,C4H8N2O,100.0637,930-55-2,101.0598,101.0418,87.0261,100.0622,,,,
CP2541,5-Nitro-o-toluidine,C7H8N2O2,152.0586,99-55-8,152.0581,106.0652,107.0492,92.0257,,,,
CP2542,Pentachlorobenzene,C6HCl5,247.8521,608-93-5,247.8519,249.8493,251.8464,253.8434,,,,
CP2543,Pentachloroethane,CHCl2CCl3,199.8521,76-01-7,166.9031,116.9061,118.9031,167.9064,,,,
CP2544,Pentachloronitrobenzene,NO2C6H4Cl,292.8372,82-68-8,292.8371,236.8411,238.8382,294.8341,,,,
CP2546,2-Picoline,C5H4N(CH3),93.0579,109-06-8,93.0574,110.0362,92.0495,94.0607,78.042,,,
CP2547,Pronamide,C12H11Cl2NO,255.0218,23950-58-5,255.0224,172.9558,174.9639,239.9979,,,,
CP2548,Safrole,C10H10O2,162.0681,94-59-7,162.0674,161.0597,104.0622,131.0493,103.0543,,,
CP2549,"1,2,4,5-Tetrachlorobenzene",C6H2Cl4,213.8911,95-94-3,213.8906,215.8876,217.8847,219.8817,,,,
CP2550,"2,3,4,6-Tetrachlorophenol",C6H2Cl4O,229.8860,58-90-2,229.8855,231.8826,233.8796,235.8793,,,,
CP2552,N-Nitrosodimethylamine,C2H6N2O,74.0480,62-75-9,84.0808,84.0808,85.0841,86.0965,70.0652,,,
CP2554,Pyridine,C5H5N,79.0422,110-86-1,79.0418,87.0443,74.0364,88.0521,70.0415,84.0572,,
CP2555,Propylene glycol,C3H8O2,76.0524,57-55-6,117.0795,147.0804,118.0413,133.0135,148.0839,77.0387,,